Batch_ID,Timestamp,Tool_ID,Recipe_ID,Temperature_C,Pressure_Torr,Gas_Flow_sccm,Process_Time_s,Film_Thickness_nm,Thickness_Target_nm,Defect_Count,Yield_pct,Pass_Fail
B0001,2026-01-05 08:00:00,CVD-01,RCP-A,320.24,7.976,100.46,60.11,99.97,100.0,0,98.32,Pass
B0002,2026-01-05 08:18:00,CVD-02,RCP-A,319.77,8.04,102.18,59.34,99.64,100.0,1,98.12,Pass
B0003,2026-01-05 08:36:00,CVD-03,RCP-A,320.83,7.883,98.87,59.39,98.86,100.0,2,98.07,Pass
B0004,2026-01-05 08:54:00,CVD-01,RCP-A,321.75,8.169,99.52,59.86,101.3,100.0,2,97.12,Pass
B0005,2026-01-05 09:12:00,CVD-02,RCP-B,325.84,8.579,103.36,60.92,104.89,105.0,1,97.51,Pass
B0006,2026-01-05 09:30:00,CVD-03,RCP-A,321.35,7.861,97.42,60.42,100.21,100.0,1,96.6,Pass
B0007,2026-01-05 09:48:00,CVD-01,RCP-A,320.25,8.06,100.67,60.67,101.5,100.0,1,97.61,Pass
B0008,2026-01-05 10:06:00,CVD-02,RCP-A,320.65,7.984,101.5,59.8,101.35,100.0,0,98.29,Pass
B0009,2026-01-05 10:24:00,CVD-03,RCP-A,319.93,8.068,101.07,60.06,100.02,100.0,2,97.82,Pass
B0010,2026-01-05 10:42:00,CVD-01,RCP-B,324.26,8.315,103.72,61.35,102.74,105.0,2,96.97,Pass
B0011,2026-01-05 11:00:00,CVD-02,RCP-A,320.77,8.264,97.89,60.32,100.04,100.0,2,97.03,Pass
B0012,2026-01-05 11:18:00,CVD-03,RCP-A,320.16,8.041,102.41,59.79,100.83,100.0,1,97.86,Pass
B0013,2026-01-05 11:36:00,CVD-01,RCP-A,322.88,7.899,98.51,60.09,101.41,100.0,0,96.35,Pass
B0014,2026-01-05 11:54:00,CVD-02,RCP-A,319.08,7.832,101.72,58.99,99.48,100.0,0,96.64,Pass
B0015,2026-01-05 12:12:00,CVD-03,RCP-B,324.79,8.572,104.99,61.41,104.34,105.0,1,98.27,Pass
B0016,2026-01-05 12:30:00,CVD-01,RCP-A,319.99,7.972,99.56,60.19,99.52,100.0,0,97.93,Pass
B0017,2026-01-05 12:48:00,CVD-02,RCP-A,319.82,8.128,99.24,59.66,100.07,100.0,1,97.47,Pass
B0018,2026-01-05 13:06:00,CVD-03,RCP-A,317.34,8.123,97.59,59.63,97.67,100.0,5,94.07,Fail
B0019,2026-01-05 13:24:00,CVD-01,RCP-A,320.63,7.991,97.78,60.53,98.84,100.0,3,96.78,Pass
B0020,2026-01-05 13:42:00,CVD-02,RCP-B,323.1,8.389,107.67,63.48,107.54,105.0,1,96.35,Pass
B0021,2026-01-05 14:00:00,CVD-03,RCP-A,322.18,7.963,99.3,58.78,98.66,100.0,1,96.81,Pass
B0022,2026-01-05 14:18:00,CVD-01,RCP-A,320.68,7.974,99.74,60.18,100.81,100.0,0,98.91,Pass
B0023,2026-01-05 14:36:00,CVD-02,RCP-A,317.17,8.242,98.12,60.6,99.17,100.0,2,95.97,Pass
B0024,2026-01-05 14:54:00,CVD-03,RCP-A,319.18,7.947,96.11,58.92,99.36,100.0,0,97.73,Pass
B0025,2026-01-05 15:12:00,CVD-01,RCP-B,325.6,8.3,105.36,61.42,103.82,105.0,2,96.69,Pass
B0026,2026-01-05 15:30:00,CVD-02,RCP-A,322.32,7.996,101.17,59.89,100.24,100.0,1,97.75,Pass
B0027,2026-01-05 15:48:00,CVD-03,RCP-A,319.26,8.043,99.36,60.32,99.57,100.0,3,96.34,Pass
B0028,2026-01-05 16:06:00,CVD-01,RCP-A,320.2,8.025,104.03,61.12,100.98,100.0,2,96.33,Pass
B0029,2026-01-05 16:24:00,CVD-02,RCP-A,319.97,7.909,101.52,59.48,99.48,100.0,1,98.14,Pass
B0030,2026-01-05 16:42:00,CVD-03,RCP-B,325.22,8.35,103.39,62.27,103.96,105.0,0,98.23,Pass
B0031,2026-01-05 17:00:00,CVD-01,RCP-A,321.98,7.963,102.7,59.58,100.25,100.0,1,97.19,Pass
B0032,2026-01-05 17:18:00,CVD-02,RCP-A,320.82,7.891,102.16,59.71,99.62,100.0,2,97.75,Pass
B0033,2026-01-05 17:36:00,CVD-03,RCP-A,320.49,7.942,102.18,60.94,100.47,100.0,1,98.15,Pass
B0034,2026-01-05 17:54:00,CVD-01,RCP-A,319.55,8.08,102.99,60.19,100.75,100.0,0,97.8,Pass
B0035,2026-01-05 18:12:00,CVD-02,RCP-B,324.9,8.517,103.01,60.44,105.66,105.0,0,97.59,Pass
B0036,2026-01-05 18:30:00,CVD-03,RCP-A,320.34,7.853,98.19,60.36,100.47,100.0,1,97.29,Pass
B0037,2026-01-05 18:48:00,CVD-01,RCP-A,320.69,8.311,102.55,59.1,97.91,100.0,1,96.59,Pass
B0038,2026-01-05 19:06:00,CVD-02,RCP-A,320.52,8.069,97.41,60.75,101.59,100.0,2,96.6,Pass
B0039,2026-01-05 19:24:00,CVD-03,RCP-A,320.18,7.976,102.56,59.31,99.38,100.0,0,98.65,Pass
B0040,2026-01-05 19:42:00,CVD-01,RCP-B,324.59,8.483,103.18,61.62,105.63,105.0,1,98.08,Pass
B0041,2026-01-05 20:00:00,CVD-02,RCP-A,319.14,7.948,101.56,60.6,100.85,100.0,2,97.27,Pass
B0042,2026-01-05 20:18:00,CVD-03,RCP-A,319.45,7.872,98.11,60.37,97.22,100.0,1,96.85,Pass
B0043,2026-01-05 20:36:00,CVD-01,RCP-A,321.31,7.999,97.17,59.61,100.42,100.0,0,98.38,Pass
B0044,2026-01-05 20:54:00,CVD-02,RCP-A,320.44,7.938,99.18,59.44,98.82,100.0,0,98.23,Pass
B0045,2026-01-05 21:12:00,CVD-03,RCP-B,326.39,8.474,102.99,62.38,106.39,105.0,1,96.8,Pass
B0046,2026-01-05 21:30:00,CVD-01,RCP-A,318.69,7.841,99.21,59.87,99.7,100.0,1,97.51,Pass
B0047,2026-01-05 21:48:00,CVD-02,RCP-A,319.41,7.927,100.56,59.3,99.2,100.0,0,97.77,Pass
B0048,2026-01-05 22:06:00,CVD-03,RCP-A,319.41,8.004,97.73,59.93,99.62,100.0,2,97.25,Pass
B0049,2026-01-05 22:24:00,CVD-01,RCP-A,321.85,7.864,99.59,59.67,97.14,100.0,4,94.99,Fail
B0050,2026-01-05 22:42:00,CVD-02,RCP-B,327.11,8.368,106.48,62.32,106.04,105.0,1,96.89,Pass
B0051,2026-01-05 23:00:00,CVD-03,RCP-A,321.66,8.073,98.81,60.35,100.27,100.0,0,98.14,Pass
B0052,2026-01-05 23:18:00,CVD-01,RCP-A,320.57,8.068,101.46,60.08,101.67,100.0,2,97.54,Pass
B0053,2026-01-05 23:36:00,CVD-02,RCP-A,319.45,8.093,101.27,58.5,101.41,100.0,0,97.47,Pass
B0054,2026-01-05 23:54:00,CVD-03,RCP-A,318.02,7.939,102.66,60.28,99.85,100.0,3,96.08,Pass
B0055,2026-01-06 00:12:00,CVD-01,RCP-B,323.27,8.35,103.43,62.1,106.1,105.0,1,97.28,Pass
B0056,2026-01-06 00:30:00,CVD-02,RCP-A,319.99,7.965,102.88,60.17,101.25,100.0,0,98.52,Pass
B0057,2026-01-06 00:48:00,CVD-03,RCP-A,321.42,7.975,100.99,60.02,100.71,100.0,1,96.95,Pass
B0058,2026-01-06 01:06:00,CVD-01,RCP-A,319.66,7.919,100.01,59.49,99.52,100.0,1,97.69,Pass
B0059,2026-01-06 01:24:00,CVD-02,RCP-A,320.34,8.025,99.76,61.36,100.63,100.0,0,98.3,Pass
B0060,2026-01-06 01:42:00,CVD-03,RCP-B,325.83,8.347,103.02,60.62,103.16,105.0,2,95.79,Pass
B0061,2026-01-06 02:00:00,CVD-01,RCP-A,321.18,8.114,98.55,59.86,99.97,100.0,1,97.53,Pass
B0062,2026-01-06 02:18:00,CVD-02,RCP-A,321.0,8.192,98.17,60.4,101.51,100.0,1,96.84,Pass
B0063,2026-01-06 02:36:00,CVD-03,RCP-A,322.96,7.938,102.54,59.99,100.88,100.0,0,96.63,Pass
B0064,2026-01-06 02:54:00,CVD-01,RCP-A,320.01,7.961,99.6,59.24,99.12,100.0,1,97.58,Pass
B0065,2026-01-06 03:12:00,CVD-02,RCP-B,323.61,8.318,103.33,61.48,104.53,105.0,0,97.52,Pass
B0066,2026-01-06 03:30:00,CVD-03,RCP-A,321.07,7.931,99.09,60.17,100.41,100.0,1,98.39,Pass
B0067,2026-01-06 03:48:00,CVD-01,RCP-A,319.37,8.157,101.74,60.52,98.6,100.0,2,96.81,Pass
B0068,2026-01-06 04:06:00,CVD-02,RCP-A,318.7,8.079,99.12,60.23,101.47,100.0,0,97.84,Pass
B0069,2026-01-06 04:24:00,CVD-03,RCP-A,318.62,7.881,97.74,59.8,99.52,100.0,1,97.58,Pass
B0070,2026-01-06 04:42:00,CVD-01,RCP-B,323.3,8.306,105.96,61.51,105.21,105.0,0,97.38,Pass
B0071,2026-01-06 05:00:00,CVD-02,RCP-A,320.49,7.877,101.81,60.5,101.84,100.0,1,97.13,Pass
B0072,2026-01-06 05:18:00,CVD-03,RCP-A,321.24,8.036,99.73,60.81,100.92,100.0,1,97.17,Pass
B0073,2026-01-06 05:36:00,CVD-01,RCP-A,319.29,7.999,99.4,58.86,99.39,100.0,1,97.63,Pass
B0074,2026-01-06 05:54:00,CVD-02,RCP-A,320.47,7.939,98.81,58.5,99.73,100.0,1,97.77,Pass
B0075,2026-01-06 06:12:00,CVD-03,RCP-B,324.65,8.477,103.36,62.1,104.88,105.0,0,99.04,Pass
B0076,2026-01-06 06:30:00,CVD-01,RCP-A,320.11,7.783,99.17,59.62,98.96,100.0,0,97.87,Pass
B0077,2026-01-06 06:48:00,CVD-02,RCP-A,320.58,8.008,98.63,61.37,100.43,100.0,1,97.37,Pass
B0078,2026-01-06 07:06:00,CVD-03,RCP-A,317.35,7.958,102.65,59.23,99.07,100.0,2,96.03,Pass
B0079,2026-01-06 07:24:00,CVD-01,RCP-A,321.65,7.933,102.82,59.51,98.91,100.0,4,95.03,Pass
B0080,2026-01-06 07:42:00,CVD-02,RCP-B,324.58,8.512,103.13,62.8,106.34,105.0,0,98.28,Pass
B0081,2026-01-06 08:00:00,CVD-03,RCP-A,320.35,8.091,96.94,59.16,99.18,100.0,0,98.17,Pass
B0082,2026-01-06 08:18:00,CVD-01,RCP-A,319.81,8.08,97.98,58.34,98.28,100.0,1,96.98,Pass
B0083,2026-01-06 08:36:00,CVD-02,RCP-A,321.21,8.066,97.57,60.0,102.31,100.0,2,96.75,Pass
B0084,2026-01-06 08:54:00,CVD-03,RCP-A,323.7,8.014,101.71,59.59,101.26,100.0,1,95.35,Pass
B0085,2026-01-06 09:12:00,CVD-01,RCP-B,326.78,8.387,103.42,62.81,105.78,105.0,1,97.02,Pass
B0086,2026-01-06 09:30:00,CVD-02,RCP-A,320.14,8.043,98.32,58.82,100.22,100.0,1,97.59,Pass
B0087,2026-01-06 09:48:00,CVD-03,RCP-A,322.7,7.976,99.44,59.9,99.94,100.0,1,97.21,Pass
B0088,2026-01-06 10:06:00,CVD-01,RCP-A,321.29,8.04,100.2,61.37,98.7,100.0,0,96.87,Pass
B0089,2026-01-06 10:24:00,CVD-02,RCP-A,322.98,7.865,101.36,61.97,103.52,100.0,1,94.51,Fail
B0090,2026-01-06 10:42:00,CVD-03,RCP-B,329.95,8.283,106.91,62.77,107.63,105.0,2,93.97,Fail
B0091,2026-01-06 11:00:00,CVD-01,RCP-A,322.91,8.03,98.08,58.77,100.24,100.0,1,96.97,Pass
B0092,2026-01-06 11:18:00,CVD-02,RCP-A,321.83,7.761,99.77,59.01,101.31,100.0,1,96.7,Pass
B0093,2026-01-06 11:36:00,CVD-03,RCP-A,324.35,7.849,99.35,60.65,102.52,100.0,3,94.29,Fail
B0094,2026-01-06 11:54:00,CVD-01,RCP-A,323.99,7.936,96.42,59.62,101.34,100.0,1,95.63,Pass
B0095,2026-01-06 12:12:00,CVD-02,RCP-B,327.96,8.49,100.23,62.41,106.9,105.0,2,95.2,Pass
B0096,2026-01-06 12:30:00,CVD-03,RCP-A,323.12,8.061,101.97,59.59,101.58,100.0,2,95.43,Pass
B0097,2026-01-06 12:48:00,CVD-01,RCP-A,326.15,7.928,102.34,60.1,102.37,100.0,1,94.46,Fail
B0098,2026-01-06 13:06:00,CVD-02,RCP-A,324.42,8.328,101.74,59.74,104.0,100.0,4,92.93,Fail
B0099,2026-01-06 13:24:00,CVD-03,RCP-A,323.51,8.223,101.24,59.53,102.45,100.0,0,95.21,Pass
B0100,2026-01-06 13:42:00,CVD-01,RCP-B,328.05,8.224,104.06,61.83,105.9,105.0,1,96.72,Pass
B0101,2026-01-06 14:00:00,CVD-02,RCP-A,322.75,7.909,101.19,59.82,101.66,100.0,1,97.06,Pass
B0102,2026-01-06 14:18:00,CVD-03,RCP-A,328.11,8.319,98.64,59.09,103.34,100.0,2,92.35,Fail
B0103,2026-01-06 14:36:00,CVD-01,RCP-A,324.07,8.017,97.7,59.45,99.98,100.0,1,96.68,Pass
B0104,2026-01-06 14:54:00,CVD-02,RCP-A,326.57,8.037,100.05,60.6,101.19,100.0,4,94.47,Fail
B0105,2026-01-06 15:12:00,CVD-03,RCP-B,331.9,8.689,104.3,62.63,108.1,105.0,5,91.99,Fail
B0106,2026-01-06 15:30:00,CVD-01,RCP-A,319.87,8.209,98.63,60.86,100.55,100.0,1,97.22,Pass
B0107,2026-01-06 15:48:00,CVD-02,RCP-A,319.86,8.159,102.29,60.06,101.19,100.0,0,97.58,Pass
B0108,2026-01-06 16:06:00,CVD-03,RCP-A,319.16,7.717,98.52,59.97,99.45,100.0,1,97.87,Pass
B0109,2026-01-06 16:24:00,CVD-01,RCP-A,320.46,7.727,100.65,60.23,100.7,100.0,0,98.2,Pass
B0110,2026-01-06 16:42:00,CVD-02,RCP-B,326.59,8.389,102.67,62.12,106.32,105.0,2,95.87,Pass
B0111,2026-01-06 17:00:00,CVD-03,RCP-A,319.18,7.694,100.59,60.27,98.99,100.0,3,96.28,Pass
B0112,2026-01-06 17:18:00,CVD-01,RCP-A,319.57,7.998,99.68,60.4,99.61,100.0,2,97.05,Pass
B0113,2026-01-06 17:36:00,CVD-02,RCP-A,318.72,8.02,99.44,60.41,100.65,100.0,1,97.48,Pass
B0114,2026-01-06 17:54:00,CVD-03,RCP-A,321.64,7.948,99.32,59.29,98.87,100.0,2,96.29,Pass
B0115,2026-01-06 18:12:00,CVD-01,RCP-B,325.02,8.543,104.8,62.5,105.43,105.0,0,97.82,Pass
B0116,2026-01-06 18:30:00,CVD-02,RCP-A,320.78,8.147,98.85,60.55,100.42,100.0,4,95.72,Pass
B0117,2026-01-06 18:48:00,CVD-03,RCP-A,319.88,8.097,98.59,60.44,99.27,100.0,1,98.32,Pass
B0118,2026-01-06 19:06:00,CVD-01,RCP-A,319.31,7.899,96.16,61.07,98.73,100.0,0,96.55,Pass
B0119,2026-01-06 19:24:00,CVD-02,RCP-A,321.95,8.114,99.96,60.02,101.83,100.0,0,97.48,Pass
B0120,2026-01-06 19:42:00,CVD-03,RCP-B,325.11,8.382,107.25,63.31,105.73,105.0,0,97.74,Pass
B0121,2026-01-06 20:00:00,CVD-01,RCP-A,321.31,7.942,99.21,60.31,99.85,100.0,0,98.12,Pass
B0122,2026-01-06 20:18:00,CVD-02,RCP-A,318.75,8.244,100.2,59.47,102.24,100.0,3,95.83,Pass
B0123,2026-01-06 20:36:00,CVD-03,RCP-A,320.55,8.017,102.8,59.96,100.36,100.0,2,97.0,Pass
B0124,2026-01-06 20:54:00,CVD-01,RCP-A,320.48,7.956,99.37,60.31,99.54,100.0,1,97.56,Pass
B0125,2026-01-06 21:12:00,CVD-02,RCP-B,324.64,8.424,104.43,61.3,105.27,105.0,0,99.46,Pass
B0126,2026-01-06 21:30:00,CVD-03,RCP-A,319.48,7.848,103.02,60.15,98.58,100.0,0,96.79,Pass
B0127,2026-01-06 21:48:00,CVD-01,RCP-A,319.49,7.974,98.78,59.87,101.18,100.0,0,98.31,Pass
B0128,2026-01-06 22:06:00,CVD-02,RCP-A,318.85,8.012,102.41,59.6,100.03,100.0,2,96.61,Pass
B0129,2026-01-06 22:24:00,CVD-03,RCP-A,320.37,8.103,100.66,60.36,100.09,100.0,1,98.41,Pass
B0130,2026-01-06 22:42:00,CVD-01,RCP-B,323.14,8.285,106.34,60.9,104.29,105.0,3,95.94,Pass
B0131,2026-01-06 23:00:00,CVD-02,RCP-A,319.66,7.877,100.23,60.98,100.72,100.0,0,97.31,Pass
B0132,2026-01-06 23:18:00,CVD-03,RCP-A,320.67,8.002,102.78,60.42,101.57,100.0,4,95.98,Pass
B0133,2026-01-06 23:36:00,CVD-01,RCP-A,318.14,7.848,102.36,59.53,99.55,100.0,3,96.52,Pass
B0134,2026-01-06 23:54:00,CVD-02,RCP-A,320.6,7.998,98.73,59.61,101.14,100.0,0,97.69,Pass
B0135,2026-01-07 00:12:00,CVD-03,RCP-B,323.47,8.333,104.95,62.09,105.05,105.0,0,98.32,Pass
B0136,2026-01-07 00:30:00,CVD-01,RCP-A,320.24,7.894,96.43,60.7,100.01,100.0,2,97.16,Pass
B0137,2026-01-07 00:48:00,CVD-02,RCP-A,320.33,7.883,96.65,59.16,100.09,100.0,1,97.06,Pass
B0138,2026-01-07 01:06:00,CVD-03,RCP-A,320.87,7.873,100.29,61.0,100.54,100.0,1,97.97,Pass
B0139,2026-01-07 01:24:00,CVD-01,RCP-A,319.67,7.987,100.64,60.12,100.49,100.0,3,96.62,Pass
B0140,2026-01-07 01:42:00,CVD-02,RCP-B,324.46,8.421,103.06,60.97,104.7,105.0,0,98.16,Pass
B0141,2026-01-07 02:00:00,CVD-03,RCP-A,320.24,7.954,99.59,60.73,99.53,100.0,3,97.41,Pass
B0142,2026-01-07 02:18:00,CVD-01,RCP-A,319.27,8.002,103.64,59.07,99.39,100.0,1,96.86,Pass
B0143,2026-01-07 02:36:00,CVD-02,RCP-A,320.47,8.014,99.08,59.84,101.53,100.0,1,97.8,Pass
B0144,2026-01-07 02:54:00,CVD-03,RCP-A,321.05,7.967,101.04,60.92,99.92,100.0,0,98.56,Pass
B0145,2026-01-07 03:12:00,CVD-01,RCP-B,323.9,8.15,102.8,61.64,102.65,105.0,3,95.62,Pass
B0146,2026-01-07 03:30:00,CVD-02,RCP-A,320.62,8.024,99.15,58.72,100.81,100.0,4,96.5,Pass
B0147,2026-01-07 03:48:00,CVD-03,RCP-A,320.66,7.869,97.63,60.01,99.88,100.0,0,97.67,Pass
B0148,2026-01-07 04:06:00,CVD-01,RCP-A,320.72,8.059,98.22,59.71,99.4,100.0,2,96.34,Pass
B0149,2026-01-07 04:24:00,CVD-02,RCP-A,320.44,8.144,101.57,60.38,101.49,100.0,1,96.45,Pass
B0150,2026-01-07 04:42:00,CVD-03,RCP-B,325.63,8.372,106.4,60.64,105.17,105.0,0,97.79,Pass
B0151,2026-01-07 05:00:00,CVD-01,RCP-A,320.1,8.221,101.0,59.44,99.56,100.0,2,97.99,Pass
B0152,2026-01-07 05:18:00,CVD-02,RCP-A,317.09,8.078,97.87,60.98,99.03,100.0,4,95.0,Fail
B0153,2026-01-07 05:36:00,CVD-03,RCP-A,320.55,8.016,99.83,59.31,99.09,100.0,1,97.99,Pass
B0154,2026-01-07 05:54:00,CVD-01,RCP-A,320.53,7.966,98.87,59.54,101.06,100.0,0,98.31,Pass
B0155,2026-01-07 06:12:00,CVD-02,RCP-B,321.09,8.682,104.53,62.74,104.79,105.0,0,96.44,Pass
B0156,2026-01-07 06:30:00,CVD-03,RCP-A,319.74,8.023,99.16,59.15,100.96,100.0,2,97.54,Pass
B0157,2026-01-07 06:48:00,CVD-01,RCP-A,320.71,7.983,99.88,59.69,100.79,100.0,2,97.72,Pass
B0158,2026-01-07 07:06:00,CVD-02,RCP-A,318.75,8.0,98.96,60.62,99.75,100.0,1,98.28,Pass
B0159,2026-01-07 07:24:00,CVD-03,RCP-A,319.08,7.953,99.02,59.74,98.79,100.0,1,97.84,Pass
B0160,2026-01-07 07:42:00,CVD-01,RCP-B,325.92,8.488,106.3,60.22,104.14,105.0,1,97.26,Pass
B0161,2026-01-07 08:00:00,CVD-02,RCP-A,319.18,7.832,99.21,60.23,100.24,100.0,0,98.83,Pass
B0162,2026-01-07 08:18:00,CVD-03,RCP-A,322.99,8.01,99.76,61.41,102.64,100.0,1,96.09,Pass
B0163,2026-01-07 08:36:00,CVD-01,RCP-A,319.01,8.084,97.72,59.83,100.67,100.0,2,96.36,Pass
B0164,2026-01-07 08:54:00,CVD-02,RCP-A,320.63,7.9,101.57,59.86,99.48,100.0,0,97.58,Pass
B0165,2026-01-07 09:12:00,CVD-03,RCP-B,324.98,8.47,102.73,62.05,105.15,105.0,3,97.19,Pass
B0166,2026-01-07 09:30:00,CVD-01,RCP-A,318.3,9.385,101.73,59.77,102.39,100.0,3,93.59,Fail
B0167,2026-01-07 09:48:00,CVD-02,RCP-A,318.33,9.273,101.93,59.74,101.41,100.0,3,94.18,Fail
B0168,2026-01-07 10:06:00,CVD-03,RCP-A,318.49,9.002,98.24,60.72,101.28,100.0,4,94.04,Fail
B0169,2026-01-07 10:24:00,CVD-01,RCP-A,320.51,8.833,101.25,59.17,99.71,100.0,5,93.34,Fail
B0170,2026-01-07 10:42:00,CVD-02,RCP-B,323.88,9.791,104.28,63.57,108.52,105.0,4,93.49,Fail
B0171,2026-01-07 11:00:00,CVD-03,RCP-A,318.98,9.024,97.81,60.08,99.51,100.0,0,96.73,Pass
B0172,2026-01-07 11:18:00,CVD-01,RCP-A,320.04,9.326,99.69,60.46,104.25,100.0,4,93.78,Fail
B0173,2026-01-07 11:36:00,CVD-02,RCP-A,318.86,9.184,97.25,59.91,100.03,100.0,1,97.06,Pass
B0174,2026-01-07 11:54:00,CVD-03,RCP-A,317.97,9.204,101.81,59.96,100.46,100.0,0,95.4,Pass
B0175,2026-01-07 12:12:00,CVD-01,RCP-B,324.27,9.412,103.45,60.95,106.65,105.0,4,93.92,Fail
B0176,2026-01-07 12:30:00,CVD-02,RCP-A,321.16,9.226,99.42,59.85,102.94,100.0,1,94.49,Fail
B0177,2026-01-07 12:48:00,CVD-03,RCP-A,321.87,9.475,98.65,59.81,102.89,100.0,4,92.79,Fail
B0178,2026-01-07 13:06:00,CVD-01,RCP-A,320.67,9.158,99.32,60.26,102.44,100.0,4,93.54,Fail
B0179,2026-01-07 13:24:00,CVD-02,RCP-A,318.84,8.85,102.84,60.19,102.33,100.0,3,94.46,Fail
B0180,2026-01-07 13:42:00,CVD-03,RCP-B,323.36,9.932,104.39,61.48,108.57,105.0,4,93.46,Fail
B0181,2026-01-07 14:00:00,CVD-01,RCP-A,320.06,7.931,100.35,59.58,101.13,100.0,1,97.01,Pass
B0182,2026-01-07 14:18:00,CVD-02,RCP-A,320.7,7.907,99.9,60.49,99.98,100.0,1,98.54,Pass
B0183,2026-01-07 14:36:00,CVD-03,RCP-A,319.45,7.865,98.92,59.32,98.21,100.0,0,97.69,Pass
B0184,2026-01-07 14:54:00,CVD-01,RCP-A,320.4,8.179,99.15,60.87,103.62,100.0,1,95.91,Pass
B0185,2026-01-07 15:12:00,CVD-02,RCP-B,323.76,8.431,102.43,62.02,105.17,105.0,1,97.28,Pass
B0186,2026-01-07 15:30:00,CVD-03,RCP-A,317.48,8.139,100.16,60.24,98.88,100.0,0,96.35,Pass
B0187,2026-01-07 15:48:00,CVD-01,RCP-A,320.55,8.029,101.6,59.46,98.91,100.0,0,98.23,Pass
B0188,2026-01-07 16:06:00,CVD-02,RCP-A,320.66,7.933,101.05,60.46,100.99,100.0,1,98.67,Pass
B0189,2026-01-07 16:24:00,CVD-03,RCP-A,321.39,7.771,101.86,59.12,98.98,100.0,3,96.92,Pass
B0190,2026-01-07 16:42:00,CVD-01,RCP-B,327.43,8.453,104.41,60.92,105.51,105.0,2,96.75,Pass
B0191,2026-01-07 17:00:00,CVD-02,RCP-A,321.44,7.878,101.71,59.99,98.99,100.0,3,97.03,Pass
B0192,2026-01-07 17:18:00,CVD-03,RCP-A,319.98,7.959,100.4,60.96,99.57,100.0,0,98.22,Pass
B0193,2026-01-07 17:36:00,CVD-01,RCP-A,321.67,8.113,101.53,60.12,101.98,100.0,2,96.56,Pass
B0194,2026-01-07 17:54:00,CVD-02,RCP-A,318.81,8.072,101.93,59.35,99.82,100.0,2,97.61,Pass
B0195,2026-01-07 18:12:00,CVD-03,RCP-B,327.96,8.5,101.74,60.68,105.94,105.0,2,95.63,Pass
B0196,2026-01-07 18:30:00,CVD-01,RCP-A,319.91,8.027,100.6,60.85,99.86,100.0,1,97.47,Pass
B0197,2026-01-07 18:48:00,CVD-02,RCP-A,317.72,7.883,102.83,61.05,99.86,100.0,1,96.84,Pass
B0198,2026-01-07 19:06:00,CVD-03,RCP-A,319.73,7.996,100.77,60.56,101.56,100.0,2,97.13,Pass
B0199,2026-01-07 19:24:00,CVD-01,RCP-A,319.15,8.193,99.5,59.28,99.53,100.0,0,97.78,Pass
B0200,2026-01-07 19:42:00,CVD-02,RCP-B,323.51,8.255,102.81,62.42,103.09,105.0,2,96.57,Pass
B0201,2026-01-07 20:00:00,CVD-03,RCP-A,320.16,7.871,101.47,59.53,99.4,100.0,2,97.62,Pass
B0202,2026-01-07 20:18:00,CVD-01,RCP-A,320.18,7.784,98.76,61.61,100.69,100.0,0,97.22,Pass
B0203,2026-01-07 20:36:00,CVD-02,RCP-A,319.73,8.002,98.07,58.34,99.28,100.0,1,98.54,Pass
B0204,2026-01-07 20:54:00,CVD-03,RCP-A,318.67,7.87,102.26,59.78,98.78,100.0,2,96.89,Pass
B0205,2026-01-07 21:12:00,CVD-01,RCP-B,325.66,8.316,104.72,61.02,106.05,105.0,3,96.45,Pass
B0206,2026-01-07 21:30:00,CVD-02,RCP-A,320.41,8.089,100.68,60.26,101.51,100.0,1,96.95,Pass
B0207,2026-01-07 21:48:00,CVD-03,RCP-A,319.14,7.826,100.36,61.42,100.61,100.0,2,96.98,Pass
B0208,2026-01-07 22:06:00,CVD-01,RCP-A,320.29,8.078,101.73,59.73,98.47,100.0,0,97.95,Pass
B0209,2026-01-07 22:24:00,CVD-02,RCP-A,322.08,8.223,99.28,58.91,100.73,100.0,1,96.54,Pass
B0210,2026-01-07 22:42:00,CVD-03,RCP-B,322.28,8.468,104.9,63.16,103.76,105.0,2,96.41,Pass
B0211,2026-01-07 23:00:00,CVD-01,RCP-A,320.18,7.973,101.27,58.98,99.0,100.0,0,98.1,Pass
B0212,2026-01-07 23:18:00,CVD-02,RCP-A,320.04,8.06,100.32,59.53,101.26,100.0,0,98.93,Pass
B0213,2026-01-07 23:36:00,CVD-03,RCP-A,319.12,7.921,99.91,59.1,97.69,100.0,1,96.79,Pass
B0214,2026-01-07 23:54:00,CVD-01,RCP-A,320.17,8.043,100.8,60.17,100.5,100.0,1,98.74,Pass
B0215,2026-01-08 00:12:00,CVD-02,RCP-B,324.06,8.489,102.06,61.18,105.97,105.0,1,97.15,Pass
B0216,2026-01-08 00:30:00,CVD-03,RCP-A,320.1,8.066,104.67,58.94,100.48,100.0,3,96.09,Pass
B0217,2026-01-08 00:48:00,CVD-01,RCP-A,320.02,8.057,103.63,59.82,101.56,100.0,3,96.34,Pass
B0218,2026-01-08 01:06:00,CVD-02,RCP-A,319.16,8.223,101.97,61.21,101.54,100.0,0,97.5,Pass
B0219,2026-01-08 01:24:00,CVD-03,RCP-A,320.03,7.881,96.76,60.65,98.26,100.0,1,97.22,Pass
B0220,2026-01-08 01:42:00,CVD-01,RCP-B,323.08,8.183,103.61,62.94,106.15,105.0,1,96.84,Pass
B0221,2026-01-08 02:00:00,CVD-02,RCP-A,321.05,7.914,100.97,59.89,100.43,100.0,1,98.32,Pass
B0222,2026-01-08 02:18:00,CVD-03,RCP-A,319.0,7.955,99.84,59.58,99.46,100.0,0,99.16,Pass
B0223,2026-01-08 02:36:00,CVD-01,RCP-A,321.07,8.008,96.4,59.28,98.86,100.0,1,96.67,Pass
B0224,2026-01-08 02:54:00,CVD-02,RCP-A,320.61,8.085,99.16,60.21,101.78,100.0,0,97.48,Pass
B0225,2026-01-08 03:12:00,CVD-03,RCP-B,324.36,8.329,106.12,61.01,104.56,105.0,2,96.82,Pass
B0226,2026-01-08 03:30:00,CVD-01,RCP-A,320.0,8.171,101.56,59.54,99.93,100.0,1,98.29,Pass
B0227,2026-01-08 03:48:00,CVD-02,RCP-A,320.3,8.184,100.02,59.45,100.25,100.0,2,97.83,Pass
B0228,2026-01-08 04:06:00,CVD-03,RCP-A,317.84,8.17,101.72,60.34,99.93,100.0,0,98.18,Pass
B0229,2026-01-08 04:24:00,CVD-01,RCP-A,322.16,7.975,100.5,59.32,101.45,100.0,4,96.01,Pass
B0230,2026-01-08 04:42:00,CVD-02,RCP-B,324.94,8.363,105.21,62.35,105.29,105.0,0,98.61,Pass
B0231,2026-01-08 05:00:00,CVD-03,RCP-A,320.21,7.845,99.73,59.63,100.2,100.0,3,98.16,Pass
B0232,2026-01-08 05:18:00,CVD-01,RCP-A,319.74,7.995,98.01,60.05,100.59,100.0,1,97.44,Pass
B0233,2026-01-08 05:36:00,CVD-02,RCP-A,319.46,8.139,101.01,60.03,101.32,100.0,0,96.91,Pass
B0234,2026-01-08 05:54:00,CVD-03,RCP-A,321.37,7.999,95.62,59.9,99.02,100.0,2,96.1,Pass
B0235,2026-01-08 06:12:00,CVD-01,RCP-B,325.36,8.208,105.56,63.77,104.6,105.0,0,97.22,Pass
B0236,2026-01-08 06:30:00,CVD-02,RCP-A,320.82,8.201,97.68,59.61,101.18,100.0,2,96.23,Pass
B0237,2026-01-08 06:48:00,CVD-03,RCP-A,322.14,8.082,100.51,59.1,100.59,100.0,1,97.75,Pass
B0238,2026-01-08 07:06:00,CVD-01,RCP-A,321.8,8.21,100.98,61.44,101.68,100.0,3,95.6,Pass
B0239,2026-01-08 07:24:00,CVD-02,RCP-A,320.79,7.956,98.17,59.54,100.17,100.0,0,97.94,Pass
B0240,2026-01-08 07:42:00,CVD-03,RCP-B,325.1,8.364,107.34,63.26,105.85,105.0,4,96.26,Pass
B0241,2026-01-08 08:00:00,CVD-01,RCP-A,318.96,7.986,90.53,59.84,99.15,100.0,1,96.4,Pass
B0242,2026-01-08 08:18:00,CVD-02,RCP-A,320.07,7.77,90.03,59.04,97.58,100.0,0,96.29,Pass
B0243,2026-01-08 08:36:00,CVD-03,RCP-A,322.82,8.001,110.23,60.14,102.95,100.0,0,95.77,Pass
B0244,2026-01-08 08:54:00,CVD-01,RCP-A,319.09,8.142,95.48,60.63,99.93,100.0,1,96.22,Pass
B0245,2026-01-08 09:12:00,CVD-02,RCP-B,324.12,8.339,92.85,64.39,105.0,105.0,5,93.04,Fail
B0246,2026-01-08 09:30:00,CVD-03,RCP-A,321.31,7.883,90.63,58.5,97.67,100.0,1,94.94,Fail
B0247,2026-01-08 09:48:00,CVD-01,RCP-A,319.89,8.16,110.28,60.89,101.88,100.0,3,95.08,Pass
B0248,2026-01-08 10:06:00,CVD-02,RCP-A,317.96,7.959,107.76,60.03,100.47,100.0,2,95.71,Pass
B0249,2026-01-08 10:24:00,CVD-03,RCP-A,321.92,8.13,108.16,60.92,101.68,100.0,1,95.28,Pass
B0250,2026-01-08 10:42:00,CVD-01,RCP-B,324.42,8.405,98.33,62.38,104.33,105.0,2,97.0,Pass
B0251,2026-01-08 11:00:00,CVD-02,RCP-A,320.3,8.099,106.87,60.21,102.75,100.0,1,96.25,Pass
B0252,2026-01-08 11:18:00,CVD-03,RCP-A,320.12,7.957,104.87,60.43,98.62,100.0,1,97.24,Pass
B0253,2026-01-08 11:36:00,CVD-01,RCP-A,319.97,7.87,90.78,60.31,98.69,100.0,2,96.28,Pass
B0254,2026-01-08 11:54:00,CVD-02,RCP-A,318.58,8.091,108.88,59.44,101.44,100.0,4,94.76,Fail
B0255,2026-01-08 12:12:00,CVD-03,RCP-B,325.63,8.394,95.02,60.37,102.76,105.0,1,95.32,Pass
B0256,2026-01-08 12:30:00,CVD-01,RCP-A,320.45,7.792,95.91,59.36,98.65,100.0,3,97.1,Pass
B0257,2026-01-08 12:48:00,CVD-02,RCP-A,321.03,8.087,108.09,59.38,100.77,100.0,4,94.52,Fail
B0258,2026-01-08 13:06:00,CVD-03,RCP-A,320.13,7.954,90.14,58.72,98.27,100.0,2,95.21,Pass
B0259,2026-01-08 13:24:00,CVD-01,RCP-A,320.19,8.06,107.47,59.33,99.42,100.0,0,97.97,Pass
B0260,2026-01-08 13:42:00,CVD-02,RCP-B,327.36,8.408,115.72,62.28,108.77,105.0,3,93.92,Fail
B0261,2026-01-08 14:00:00,CVD-03,RCP-A,320.77,7.945,90.1,58.95,99.4,100.0,1,96.63,Pass
B0262,2026-01-08 14:18:00,CVD-01,RCP-A,318.44,7.843,113.3,59.97,101.08,100.0,3,94.88,Fail
B0263,2026-01-08 14:36:00,CVD-02,RCP-A,319.53,8.007,111.16,59.73,100.97,100.0,1,96.37,Pass
B0264,2026-01-08 14:54:00,CVD-03,RCP-A,319.69,7.994,107.17,61.45,101.35,100.0,1,95.99,Pass
B0265,2026-01-08 15:12:00,CVD-01,RCP-B,325.76,8.449,113.44,62.95,108.34,105.0,0,96.13,Pass
B0266,2026-01-08 15:30:00,CVD-02,RCP-A,319.45,7.998,103.24,61.21,101.38,100.0,0,97.92,Pass
B0267,2026-01-08 15:48:00,CVD-03,RCP-A,320.13,7.907,97.44,59.9,99.79,100.0,0,98.7,Pass
B0268,2026-01-08 16:06:00,CVD-01,RCP-A,319.45,7.982,101.44,60.67,101.38,100.0,0,98.67,Pass
B0269,2026-01-08 16:24:00,CVD-02,RCP-A,320.61,8.066,100.47,59.94,100.98,100.0,1,97.14,Pass
B0270,2026-01-08 16:42:00,CVD-03,RCP-B,325.69,8.454,105.12,62.05,107.37,105.0,1,97.25,Pass
B0271,2026-01-08 17:00:00,CVD-01,RCP-A,319.36,8.111,105.24,61.13,101.11,100.0,5,94.27,Fail
B0272,2026-01-08 17:18:00,CVD-02,RCP-A,319.07,8.088,100.15,58.77,99.81,100.0,0,98.1,Pass
B0273,2026-01-08 17:36:00,CVD-03,RCP-A,322.8,7.898,98.01,61.39,101.5,100.0,1,96.4,Pass
B0274,2026-01-08 17:54:00,CVD-01,RCP-A,317.41,7.978,101.34,61.62,99.12,100.0,2,96.57,Pass
B0275,2026-01-08 18:12:00,CVD-02,RCP-B,324.29,8.257,101.2,62.47,105.54,105.0,2,96.82,Pass
B0276,2026-01-08 18:30:00,CVD-03,RCP-A,320.39,8.033,99.06,61.01,100.56,100.0,1,97.98,Pass
B0277,2026-01-08 18:48:00,CVD-01,RCP-A,320.48,8.09,101.84,61.93,102.45,100.0,4,95.42,Pass
B0278,2026-01-08 19:06:00,CVD-02,RCP-A,319.14,8.164,99.93,59.34,100.68,100.0,2,97.18,Pass
B0279,2026-01-08 19:24:00,CVD-03,RCP-A,321.96,8.133,103.16,59.82,101.16,100.0,1,96.23,Pass
B0280,2026-01-08 19:42:00,CVD-01,RCP-B,327.14,8.159,103.92,61.95,105.18,105.0,2,96.82,Pass
B0281,2026-01-08 20:00:00,CVD-02,RCP-A,318.12,8.045,101.29,59.84,100.19,100.0,1,97.08,Pass
B0282,2026-01-08 20:18:00,CVD-03,RCP-A,319.32,8.161,102.03,60.62,100.65,100.0,3,95.87,Pass
B0283,2026-01-08 20:36:00,CVD-01,RCP-A,320.25,7.951,99.25,58.98,99.41,100.0,3,96.57,Pass
B0284,2026-01-08 20:54:00,CVD-02,RCP-A,322.1,8.025,102.73,60.35,103.19,100.0,0,95.11,Pass
B0285,2026-01-08 21:12:00,CVD-03,RCP-B,323.16,8.436,103.21,61.69,103.6,105.0,1,96.9,Pass
B0286,2026-01-08 21:30:00,CVD-01,RCP-A,321.78,8.038,99.8,60.4,101.58,100.0,2,96.65,Pass
B0287,2026-01-08 21:48:00,CVD-02,RCP-A,321.66,8.08,97.77,59.32,100.02,100.0,1,97.44,Pass
B0288,2026-01-08 22:06:00,CVD-03,RCP-A,320.49,8.132,103.39,59.69,100.52,100.0,3,96.69,Pass
B0289,2026-01-08 22:24:00,CVD-01,RCP-A,321.84,8.17,98.17,59.52,100.09,100.0,3,96.67,Pass
B0290,2026-01-08 22:42:00,CVD-02,RCP-B,324.8,8.335,103.42,61.62,104.61,105.0,1,97.44,Pass
B0291,2026-01-08 23:00:00,CVD-03,RCP-A,317.1,7.905,98.83,60.47,99.16,100.0,3,95.38,Pass
B0292,2026-01-08 23:18:00,CVD-01,RCP-A,321.0,8.189,101.84,59.68,99.94,100.0,0,98.16,Pass
B0293,2026-01-08 23:36:00,CVD-02,RCP-A,321.77,7.993,100.75,61.04,101.22,100.0,0,97.91,Pass
B0294,2026-01-08 23:54:00,CVD-03,RCP-A,321.44,8.077,99.44,60.85,100.83,100.0,3,96.48,Pass
B0295,2026-01-09 00:12:00,CVD-01,RCP-B,324.42,8.351,105.33,62.36,104.24,105.0,0,98.13,Pass
B0296,2026-01-09 00:30:00,CVD-02,RCP-A,318.82,8.0,101.76,60.53,100.3,100.0,1,97.9,Pass
B0297,2026-01-09 00:48:00,CVD-03,RCP-A,319.75,7.997,99.95,58.52,98.07,100.0,1,97.38,Pass
B0298,2026-01-09 01:06:00,CVD-01,RCP-A,320.4,8.225,98.47,58.76,98.86,100.0,1,96.55,Pass
B0299,2026-01-09 01:24:00,CVD-02,RCP-A,319.44,7.978,98.97,59.45,100.74,100.0,1,97.19,Pass
B0300,2026-01-09 01:42:00,CVD-03,RCP-B,324.64,8.357,105.08,60.52,103.59,105.0,0,97.22,Pass
B0301,2026-01-09 02:00:00,CVD-01,RCP-A,321.56,8.142,100.69,59.91,101.17,100.0,1,96.64,Pass
B0302,2026-01-09 02:18:00,CVD-02,RCP-A,321.39,7.785,98.5,59.56,99.49,100.0,3,96.43,Pass
B0303,2026-01-09 02:36:00,CVD-03,RCP-A,318.1,7.981,102.11,60.62,100.66,100.0,1,97.74,Pass
B0304,2026-01-09 02:54:00,CVD-01,RCP-A,317.6,7.825,101.76,60.23,97.79,100.0,2,95.59,Pass
B0305,2026-01-09 03:12:00,CVD-02,RCP-B,324.83,8.416,105.8,62.96,106.34,105.0,2,97.5,Pass
B0306,2026-01-09 03:30:00,CVD-03,RCP-A,320.18,8.025,97.79,60.41,98.87,100.0,0,98.34,Pass
B0307,2026-01-09 03:48:00,CVD-01,RCP-A,318.52,8.071,97.42,58.87,99.59,100.0,0,97.9,Pass
B0308,2026-01-09 04:06:00,CVD-02,RCP-A,319.79,8.278,99.89,59.5,100.73,100.0,2,97.16,Pass
B0309,2026-01-09 04:24:00,CVD-03,RCP-A,318.55,8.129,100.06,59.19,100.04,100.0,1,97.66,Pass
B0310,2026-01-09 04:42:00,CVD-01,RCP-B,326.98,8.548,104.35,60.83,106.97,105.0,2,96.37,Pass
B0311,2026-01-09 05:00:00,CVD-02,RCP-A,320.22,7.843,102.17,59.79,100.13,100.0,2,97.46,Pass
B0312,2026-01-09 05:18:00,CVD-03,RCP-A,318.73,8.05,102.0,60.27,99.74,100.0,1,97.55,Pass
B0313,2026-01-09 05:36:00,CVD-01,RCP-A,321.74,8.026,98.82,60.53,102.42,100.0,1,96.16,Pass
B0314,2026-01-09 05:54:00,CVD-02,RCP-A,318.58,8.046,100.85,58.31,99.86,100.0,0,97.7,Pass
B0315,2026-01-09 06:12:00,CVD-03,RCP-B,324.44,8.447,103.92,61.9,105.95,105.0,0,98.13,Pass
B0316,2026-01-09 06:30:00,CVD-01,RCP-A,319.89,7.924,100.38,59.1,100.83,100.0,0,98.27,Pass
B0317,2026-01-09 06:48:00,CVD-02,RCP-A,319.37,8.188,100.12,58.62,100.07,100.0,2,97.17,Pass
B0318,2026-01-09 07:06:00,CVD-03,RCP-A,321.77,8.022,101.61,59.87,100.42,100.0,0,97.43,Pass
B0319,2026-01-09 07:24:00,CVD-01,RCP-A,318.44,7.99,100.9,59.92,99.28,100.0,1,97.49,Pass
B0320,2026-01-09 07:42:00,CVD-02,RCP-B,323.01,8.251,102.78,61.72,103.85,105.0,3,97.11,Pass
B0321,2026-01-09 08:00:00,CVD-02,RCP-A,321.68,7.854,98.56,59.86,101.17,100.0,1,95.03,Pass
B0322,2026-01-09 08:18:00,CVD-02,RCP-A,323.49,7.907,99.21,60.8,101.44,100.0,0,94.57,Fail
B0323,2026-01-09 08:36:00,CVD-02,RCP-A,322.4,8.22,98.57,61.59,102.63,100.0,2,93.43,Fail
B0324,2026-01-09 08:54:00,CVD-02,RCP-A,322.98,8.055,98.17,61.58,103.16,100.0,3,92.49,Fail
B0325,2026-01-09 09:12:00,CVD-02,RCP-B,327.59,8.43,102.83,63.19,107.89,105.0,1,93.36,Fail
B0326,2026-01-09 09:30:00,CVD-02,RCP-A,321.19,7.942,101.01,61.54,102.44,100.0,3,94.24,Fail
B0327,2026-01-09 09:48:00,CVD-02,RCP-A,323.25,8.0,100.43,61.84,103.15,100.0,1,93.88,Fail
B0328,2026-01-09 10:06:00,CVD-02,RCP-A,322.39,8.047,97.53,60.27,99.82,100.0,1,94.78,Fail
B0329,2026-01-09 10:24:00,CVD-02,RCP-A,321.86,7.84,95.47,60.76,100.41,100.0,3,93.64,Fail
B0330,2026-01-09 10:42:00,CVD-02,RCP-B,325.94,8.316,102.23,63.35,105.88,105.0,1,95.0,Fail
B0331,2026-01-09 11:00:00,CVD-02,RCP-A,319.34,7.827,98.92,61.02,101.64,100.0,1,95.96,Pass
B0332,2026-01-09 11:18:00,CVD-02,RCP-A,322.69,8.0,101.42,61.95,103.75,100.0,3,93.25,Fail
B0333,2026-01-09 11:36:00,CVD-02,RCP-A,323.78,7.795,95.45,61.28,100.87,100.0,1,93.77,Fail
B0334,2026-01-09 11:54:00,CVD-02,RCP-A,322.27,7.909,99.41,61.72,102.47,100.0,2,94.36,Fail
B0335,2026-01-09 12:12:00,CVD-02,RCP-B,325.24,8.461,106.72,61.84,106.45,105.0,1,95.5,Pass
B0336,2026-01-09 12:30:00,CVD-02,RCP-A,321.63,7.897,98.02,61.09,102.26,100.0,2,94.22,Fail
B0337,2026-01-09 12:48:00,CVD-02,RCP-A,320.99,7.972,97.55,61.41,100.9,100.0,3,94.08,Fail
B0338,2026-01-09 13:06:00,CVD-02,RCP-A,320.29,8.157,98.85,61.79,103.04,100.0,0,94.98,Fail
B0339,2026-01-09 13:24:00,CVD-02,RCP-A,322.59,7.94,100.17,61.41,102.62,100.0,0,94.29,Fail
B0340,2026-01-09 13:42:00,CVD-02,RCP-B,327.48,8.324,104.55,63.58,107.78,105.0,2,93.72,Fail
B0341,2026-01-09 14:00:00,CVD-02,RCP-A,320.99,8.17,101.32,59.41,102.78,100.0,1,96.62,Pass
B0342,2026-01-09 14:18:00,CVD-03,RCP-A,321.51,8.047,100.71,61.27,99.79,100.0,0,97.56,Pass
B0343,2026-01-09 14:36:00,CVD-01,RCP-A,322.0,7.951,100.79,60.48,101.68,100.0,0,97.26,Pass
B0344,2026-01-09 14:54:00,CVD-02,RCP-A,319.83,7.909,99.44,58.54,99.68,100.0,1,97.26,Pass
B0345,2026-01-09 15:12:00,CVD-03,RCP-B,324.53,8.392,102.18,62.43,102.87,105.0,0,98.11,Pass
B0346,2026-01-09 15:30:00,CVD-01,RCP-A,317.87,7.949,99.83,59.48,98.61,100.0,0,97.66,Pass
B0347,2026-01-09 15:48:00,CVD-02,RCP-A,320.93,7.77,102.08,61.14,100.08,100.0,2,96.74,Pass
B0348,2026-01-09 16:06:00,CVD-03,RCP-A,320.5,8.236,98.82,59.74,98.65,100.0,0,97.95,Pass
B0349,2026-01-09 16:24:00,CVD-01,RCP-A,320.85,8.058,99.89,60.4,101.31,100.0,1,97.58,Pass
B0350,2026-01-09 16:42:00,CVD-02,RCP-B,326.55,8.28,105.42,61.69,106.44,105.0,1,97.03,Pass
B0351,2026-01-09 17:00:00,CVD-03,RCP-A,320.71,8.199,103.75,59.52,99.84,100.0,0,97.27,Pass
B0352,2026-01-09 17:18:00,CVD-01,RCP-A,320.76,8.04,101.26,59.82,101.8,100.0,2,96.64,Pass
B0353,2026-01-09 17:36:00,CVD-02,RCP-A,318.71,7.914,96.9,59.43,99.25,100.0,1,96.99,Pass
B0354,2026-01-09 17:54:00,CVD-03,RCP-A,320.26,7.875,97.03,61.05,99.51,100.0,1,97.36,Pass
B0355,2026-01-09 18:12:00,CVD-01,RCP-B,324.15,8.416,104.36,61.37,105.75,105.0,3,97.86,Pass
B0356,2026-01-09 18:30:00,CVD-02,RCP-A,320.12,8.094,101.72,59.64,101.38,100.0,1,98.03,Pass
B0357,2026-01-09 18:48:00,CVD-03,RCP-A,320.29,8.06,101.75,60.72,100.45,100.0,2,97.71,Pass
B0358,2026-01-09 19:06:00,CVD-01,RCP-A,318.86,8.038,102.52,61.39,101.13,100.0,0,96.82,Pass
B0359,2026-01-09 19:24:00,CVD-02,RCP-A,317.93,8.015,98.37,59.74,100.42,100.0,0,97.74,Pass
B0360,2026-01-09 19:42:00,CVD-03,RCP-B,326.9,8.379,104.13,62.42,105.3,105.0,1,97.04,Pass
B0361,2026-01-09 20:00:00,CVD-01,RCP-A,321.18,7.998,100.76,58.9,101.45,100.0,3,96.36,Pass
B0362,2026-01-09 20:18:00,CVD-02,RCP-A,320.69,8.286,98.93,59.77,101.35,100.0,0,97.1,Pass
B0363,2026-01-09 20:36:00,CVD-03,RCP-A,321.1,8.229,97.64,60.66,100.83,100.0,1,97.2,Pass
B0364,2026-01-09 20:54:00,CVD-01,RCP-A,321.33,7.96,98.18,60.35,98.51,100.0,3,96.82,Pass
B0365,2026-01-09 21:12:00,CVD-02,RCP-B,325.28,8.288,102.97,60.8,105.92,105.0,2,97.03,Pass
B0366,2026-01-09 21:30:00,CVD-03,RCP-A,322.03,7.963,95.75,60.17,100.84,100.0,2,96.07,Pass
B0367,2026-01-09 21:48:00,CVD-01,RCP-A,322.36,7.967,102.83,61.04,101.48,100.0,5,93.53,Fail
B0368,2026-01-09 22:06:00,CVD-02,RCP-A,319.09,8.074,97.13,59.87,100.7,100.0,2,96.77,Pass
B0369,2026-01-09 22:24:00,CVD-03,RCP-A,321.18,7.995,98.79,60.0,99.11,100.0,0,98.55,Pass
B0370,2026-01-09 22:42:00,CVD-01,RCP-B,326.75,8.261,104.7,62.53,106.73,105.0,0,96.93,Pass
B0371,2026-01-09 23:00:00,CVD-02,RCP-A,319.18,8.058,100.07,60.33,101.01,100.0,0,97.71,Pass
B0372,2026-01-09 23:18:00,CVD-03,RCP-A,322.58,7.959,98.94,60.25,102.03,100.0,0,97.57,Pass
B0373,2026-01-09 23:36:00,CVD-01,RCP-A,323.0,7.879,100.6,60.1,101.33,100.0,2,96.93,Pass
B0374,2026-01-09 23:54:00,CVD-02,RCP-A,320.27,8.199,101.75,60.05,103.12,100.0,1,96.61,Pass
B0375,2026-01-10 00:12:00,CVD-03,RCP-B,323.85,8.625,102.89,62.62,105.29,105.0,0,97.29,Pass
B0376,2026-01-10 00:30:00,CVD-01,RCP-A,321.27,8.155,97.91,59.78,100.25,100.0,2,96.84,Pass
B0377,2026-01-10 00:48:00,CVD-02,RCP-A,320.47,7.948,102.2,60.96,102.04,100.0,2,96.85,Pass
B0378,2026-01-10 01:06:00,CVD-03,RCP-A,320.43,7.847,99.01,60.85,98.26,100.0,2,96.24,Pass
B0379,2026-01-10 01:24:00,CVD-01,RCP-A,318.72,8.26,99.4,58.85,98.5,100.0,1,96.4,Pass
B0380,2026-01-10 01:42:00,CVD-02,RCP-B,322.29,8.496,104.55,61.9,104.23,105.0,0,97.1,Pass
B0381,2026-01-10 02:00:00,CVD-03,RCP-A,319.58,8.055,99.24,60.98,100.48,100.0,0,98.62,Pass
B0382,2026-01-10 02:18:00,CVD-01,RCP-A,320.32,8.079,100.06,60.24,101.59,100.0,0,98.02,Pass
B0383,2026-01-10 02:36:00,CVD-02,RCP-A,318.25,8.007,98.29,59.06,99.45,100.0,5,95.09,Pass
B0384,2026-01-10 02:54:00,CVD-03,RCP-A,319.47,8.272,99.88,59.93,99.79,100.0,0,98.81,Pass
B0385,2026-01-10 03:12:00,CVD-01,RCP-B,327.29,8.415,105.63,61.36,104.12,105.0,1,96.23,Pass
B0386,2026-01-10 03:30:00,CVD-02,RCP-A,320.21,7.973,98.55,59.52,99.96,100.0,0,98.62,Pass
B0387,2026-01-10 03:48:00,CVD-03,RCP-A,319.07,8.205,100.63,61.49,102.06,100.0,2,96.31,Pass
B0388,2026-01-10 04:06:00,CVD-01,RCP-A,319.33,8.008,99.11,60.18,100.0,100.0,0,98.27,Pass
B0389,2026-01-10 04:24:00,CVD-02,RCP-A,321.06,7.879,99.89,59.74,101.07,100.0,2,97.37,Pass
B0390,2026-01-10 04:42:00,CVD-03,RCP-B,324.31,8.464,101.1,62.03,104.47,105.0,3,96.66,Pass
B0391,2026-01-10 05:00:00,CVD-01,RCP-A,320.53,8.051,102.76,59.44,100.76,100.0,2,97.0,Pass
B0392,2026-01-10 05:18:00,CVD-02,RCP-A,318.89,8.026,101.21,60.47,100.59,100.0,0,97.83,Pass
B0393,2026-01-10 05:36:00,CVD-03,RCP-A,320.29,7.922,99.28,59.51,99.22,100.0,0,98.36,Pass
B0394,2026-01-10 05:54:00,CVD-01,RCP-A,320.53,7.968,94.85,60.25,99.1,100.0,2,96.88,Pass
B0395,2026-01-10 06:12:00,CVD-02,RCP-B,325.77,8.416,103.77,61.23,105.04,105.0,1,97.99,Pass
B0396,2026-01-10 06:30:00,CVD-03,RCP-A,316.97,7.936,100.21,58.97,97.74,100.0,1,96.12,Pass
B0397,2026-01-10 06:48:00,CVD-01,RCP-A,317.11,7.915,98.3,60.67,98.73,100.0,0,95.94,Pass
B0398,2026-01-10 07:06:00,CVD-02,RCP-A,319.28,7.605,100.04,60.24,99.46,100.0,1,96.76,Pass
B0399,2026-01-10 07:24:00,CVD-03,RCP-A,319.27,8.084,98.58,59.47,99.45,100.0,1,97.34,Pass
B0400,2026-01-10 07:42:00,CVD-01,RCP-B,322.09,8.101,104.37,61.23,103.52,105.0,1,95.76,Pass
B0401,2026-01-10 08:00:00,CVD-02,RCP-A,318.86,7.989,100.34,59.46,100.77,100.0,2,96.96,Pass
B0402,2026-01-10 08:18:00,CVD-03,RCP-A,320.66,8.031,98.95,60.07,100.08,100.0,0,98.37,Pass
B0403,2026-01-10 08:36:00,CVD-01,RCP-A,321.78,8.229,101.58,59.46,102.28,100.0,1,96.81,Pass
B0404,2026-01-10 08:54:00,CVD-02,RCP-A,320.42,8.007,102.04,60.46,102.01,100.0,1,97.2,Pass
B0405,2026-01-10 09:12:00,CVD-03,RCP-B,321.89,8.354,104.59,61.74,102.84,105.0,2,96.09,Pass
B0406,2026-01-10 09:30:00,CVD-01,RCP-A,319.36,7.92,100.93,60.0,99.98,100.0,0,98.59,Pass
B0407,2026-01-10 09:48:00,CVD-02,RCP-A,320.62,7.868,99.6,60.29,102.03,100.0,0,97.44,Pass
B0408,2026-01-10 10:06:00,CVD-03,RCP-A,320.12,8.137,99.9,59.94,99.51,100.0,1,98.2,Pass
B0409,2026-01-10 10:24:00,CVD-01,RCP-A,319.37,8.082,100.13,60.44,100.81,100.0,1,98.2,Pass
B0410,2026-01-10 10:42:00,CVD-02,RCP-B,326.29,8.369,105.47,62.79,105.53,105.0,0,97.65,Pass
B0411,2026-01-10 11:00:00,CVD-03,RCP-A,319.89,7.832,99.4,59.89,98.74,100.0,0,98.45,Pass
B0412,2026-01-10 11:18:00,CVD-01,RCP-A,319.66,7.975,102.17,60.1,101.21,100.0,2,97.08,Pass
B0413,2026-01-10 11:36:00,CVD-02,RCP-A,321.2,8.088,100.84,59.24,100.26,100.0,0,98.68,Pass
B0414,2026-01-10 11:54:00,CVD-03,RCP-A,319.56,8.013,100.6,60.56,100.34,100.0,0,97.37,Pass
B0415,2026-01-10 12:12:00,CVD-01,RCP-B,324.72,8.66,101.85,62.89,106.14,105.0,2,96.82,Pass
B0416,2026-01-10 12:30:00,CVD-02,RCP-A,318.99,7.808,95.43,59.93,99.91,100.0,3,96.06,Pass
B0417,2026-01-10 12:48:00,CVD-03,RCP-A,321.24,7.919,99.46,60.05,99.45,100.0,0,97.73,Pass
B0418,2026-01-10 13:06:00,CVD-01,RCP-A,324.01,7.947,99.29,59.95,101.07,100.0,0,96.75,Pass
B0419,2026-01-10 13:24:00,CVD-02,RCP-A,320.19,8.095,99.68,59.1,102.54,100.0,0,98.53,Pass
B0420,2026-01-10 13:42:00,CVD-03,RCP-B,326.5,8.291,104.91,61.52,104.27,105.0,0,97.62,Pass
B0421,2026-01-10 14:00:00,CVD-01,RCP-A,325.35,8.693,103.43,59.49,103.35,100.0,2,89.55,Fail
B0422,2026-01-10 14:18:00,CVD-02,RCP-A,324.18,8.91,108.86,60.17,106.55,100.0,0,88.26,Fail
B0423,2026-01-10 14:36:00,CVD-03,RCP-A,322.1,8.649,102.01,59.41,100.72,100.0,4,91.86,Fail
B0424,2026-01-10 14:54:00,CVD-01,RCP-A,325.63,8.62,106.3,60.18,103.62,100.0,1,89.16,Fail
B0425,2026-01-10 15:12:00,CVD-02,RCP-B,329.62,9.08,109.57,63.32,109.0,105.0,6,89.4,Fail
B0426,2026-01-10 15:30:00,CVD-03,RCP-A,322.48,8.266,104.61,59.73,101.2,100.0,3,91.47,Fail
B0427,2026-01-10 15:48:00,CVD-01,RCP-A,325.77,8.745,102.73,60.68,105.24,100.0,5,88.54,Fail
B0428,2026-01-10 16:06:00,CVD-02,RCP-A,324.82,8.212,105.81,58.97,103.4,100.0,5,88.69,Fail
B0429,2026-01-10 16:24:00,CVD-03,RCP-A,324.68,8.843,104.6,60.03,103.23,100.0,5,88.21,Fail
B0430,2026-01-10 16:42:00,CVD-01,RCP-B,329.17,8.777,108.43,61.87,108.27,105.0,2,90.82,Fail
B0431,2026-01-10 17:00:00,CVD-02,RCP-A,323.21,8.64,102.73,59.23,102.1,100.0,4,91.19,Fail
B0432,2026-01-10 17:18:00,CVD-03,RCP-A,322.97,8.607,106.09,60.07,102.67,100.0,5,89.6,Fail
B0433,2026-01-10 17:36:00,CVD-01,RCP-A,324.76,8.57,107.55,60.91,104.93,100.0,7,86.97,Fail
B0434,2026-01-10 17:54:00,CVD-02,RCP-A,322.17,8.707,106.05,62.41,102.95,100.0,0,91.53,Fail
B0435,2026-01-10 18:12:00,CVD-03,RCP-B,328.96,9.139,109.65,62.89,109.18,105.0,2,90.15,Fail
B0436,2026-01-10 18:30:00,CVD-01,RCP-A,325.05,8.581,104.86,59.33,103.1,100.0,4,88.67,Fail
B0437,2026-01-10 18:48:00,CVD-02,RCP-A,323.79,8.853,106.93,58.68,103.19,100.0,1,90.69,Fail
B0438,2026-01-10 19:06:00,CVD-03,RCP-A,327.62,8.397,106.91,59.55,104.39,100.0,5,87.96,Fail
B0439,2026-01-10 19:24:00,CVD-01,RCP-A,324.35,8.483,105.38,60.11,103.23,100.0,4,88.94,Fail
B0440,2026-01-10 19:42:00,CVD-02,RCP-B,328.41,8.704,106.67,61.14,106.51,105.0,3,91.98,Fail
B0441,2026-01-10 20:00:00,CVD-03,RCP-A,317.01,7.974,101.7,59.81,98.55,100.0,3,95.27,Pass
B0442,2026-01-10 20:18:00,CVD-01,RCP-A,320.77,7.988,100.2,60.63,101.43,100.0,1,97.96,Pass
B0443,2026-01-10 20:36:00,CVD-02,RCP-A,321.83,7.983,98.85,60.49,100.27,100.0,1,97.07,Pass
B0444,2026-01-10 20:54:00,CVD-03,RCP-A,317.72,8.115,98.69,61.13,98.54,100.0,2,95.73,Pass
B0445,2026-01-10 21:12:00,CVD-01,RCP-B,324.82,8.361,104.8,62.27,104.34,105.0,0,98.02,Pass
B0446,2026-01-10 21:30:00,CVD-02,RCP-A,318.73,8.199,97.69,59.93,99.75,100.0,0,97.17,Pass
B0447,2026-01-10 21:48:00,CVD-03,RCP-A,322.11,8.147,101.19,61.28,101.06,100.0,3,95.8,Pass
B0448,2026-01-10 22:06:00,CVD-01,RCP-A,323.19,8.193,97.77,59.45,101.11,100.0,1,95.69,Pass
B0449,2026-01-10 22:24:00,CVD-02,RCP-A,320.2,7.808,98.04,60.27,100.22,100.0,1,97.3,Pass
B0450,2026-01-10 22:42:00,CVD-03,RCP-B,324.52,8.556,102.45,61.99,103.09,105.0,0,97.23,Pass
B0451,2026-01-10 23:00:00,CVD-01,RCP-A,320.23,7.941,102.48,60.03,100.19,100.0,0,98.8,Pass
B0452,2026-01-10 23:18:00,CVD-02,RCP-A,318.26,8.121,97.9,59.73,100.15,100.0,0,97.04,Pass
B0453,2026-01-10 23:36:00,CVD-03,RCP-A,320.99,7.942,98.21,58.5,97.76,100.0,1,96.64,Pass
B0454,2026-01-10 23:54:00,CVD-01,RCP-A,320.19,8.143,101.33,59.37,100.4,100.0,0,98.46,Pass
B0455,2026-01-11 00:12:00,CVD-02,RCP-B,326.32,8.487,102.73,61.56,105.98,105.0,0,97.2,Pass
B0456,2026-01-11 00:30:00,CVD-03,RCP-A,321.62,8.141,101.76,60.21,100.68,100.0,1,97.69,Pass
B0457,2026-01-11 00:48:00,CVD-01,RCP-A,319.18,7.768,100.71,59.17,99.48,100.0,3,95.73,Pass
B0458,2026-01-11 01:06:00,CVD-02,RCP-A,320.06,8.189,97.05,58.31,100.46,100.0,1,98.26,Pass
B0459,2026-01-11 01:24:00,CVD-03,RCP-A,317.93,8.315,102.99,59.5,97.48,100.0,0,95.34,Pass
B0460,2026-01-11 01:42:00,CVD-01,RCP-B,324.7,8.341,101.85,62.05,106.17,105.0,0,97.36,Pass
B0461,2026-01-11 02:00:00,CVD-02,RCP-A,321.59,7.994,99.66,60.73,102.01,100.0,1,97.63,Pass
B0462,2026-01-11 02:18:00,CVD-03,RCP-A,318.04,8.0,100.03,58.96,98.46,100.0,1,97.86,Pass
B0463,2026-01-11 02:36:00,CVD-01,RCP-A,319.35,7.945,98.78,60.57,100.67,100.0,0,97.92,Pass
B0464,2026-01-11 02:54:00,CVD-02,RCP-A,319.85,8.094,98.82,61.0,99.68,100.0,2,97.31,Pass
B0465,2026-01-11 03:12:00,CVD-03,RCP-B,325.56,8.32,105.14,62.62,105.35,105.0,0,98.75,Pass
B0466,2026-01-11 03:30:00,CVD-01,RCP-A,319.73,8.139,101.78,60.9,100.95,100.0,2,96.59,Pass
B0467,2026-01-11 03:48:00,CVD-02,RCP-A,318.72,8.038,98.63,60.56,101.29,100.0,0,97.71,Pass
B0468,2026-01-11 04:06:00,CVD-03,RCP-A,317.7,8.059,99.69,60.15,99.65,100.0,0,97.59,Pass
B0469,2026-01-11 04:24:00,CVD-01,RCP-A,320.72,7.903,101.46,59.79,100.41,100.0,2,97.12,Pass
B0470,2026-01-11 04:42:00,CVD-02,RCP-B,322.77,8.403,101.29,63.51,104.22,105.0,2,96.01,Pass
B0471,2026-01-11 05:00:00,CVD-03,RCP-A,320.32,8.032,99.57,60.34,100.79,100.0,0,98.07,Pass
B0472,2026-01-11 05:18:00,CVD-01,RCP-A,321.25,7.929,99.91,60.65,99.76,100.0,0,98.0,Pass
B0473,2026-01-11 05:36:00,CVD-02,RCP-A,322.51,7.8,99.86,60.07,102.12,100.0,1,95.83,Pass
B0474,2026-01-11 05:54:00,CVD-03,RCP-A,319.17,8.171,100.59,59.28,98.3,100.0,1,97.69,Pass
B0475,2026-01-11 06:12:00,CVD-01,RCP-B,325.13,8.461,103.88,62.0,104.7,105.0,0,98.94,Pass
B0476,2026-01-11 06:30:00,CVD-02,RCP-A,320.65,7.794,97.23,60.07,99.84,100.0,3,96.44,Pass
B0477,2026-01-11 06:48:00,CVD-03,RCP-A,320.2,8.072,100.56,59.28,98.91,100.0,0,98.53,Pass
B0478,2026-01-11 07:06:00,CVD-01,RCP-A,319.85,8.056,98.28,58.3,98.53,100.0,0,98.02,Pass
B0479,2026-01-11 07:24:00,CVD-02,RCP-A,322.02,7.958,98.13,60.02,101.69,100.0,2,96.19,Pass
B0480,2026-01-11 07:42:00,CVD-03,RCP-B,325.38,8.49,102.99,62.47,105.27,105.0,1,98.25,Pass
B0481,2026-01-11 08:00:00,CVD-01,RCP-A,320.38,8.18,95.63,58.98,99.34,100.0,1,96.38,Pass
B0482,2026-01-11 08:18:00,CVD-02,RCP-A,319.38,8.045,101.85,60.2,100.48,100.0,0,98.06,Pass
B0483,2026-01-11 08:36:00,CVD-03,RCP-A,319.89,7.941,103.13,60.74,100.23,100.0,0,97.27,Pass
B0484,2026-01-11 08:54:00,CVD-01,RCP-A,318.81,7.972,94.81,59.06,97.75,100.0,6,93.66,Fail
B0485,2026-01-11 09:12:00,CVD-02,RCP-B,323.04,8.553,102.4,61.51,106.04,105.0,0,97.58,Pass
B0486,2026-01-11 09:30:00,CVD-03,RCP-A,320.07,8.125,99.51,60.33,101.19,100.0,1,97.52,Pass
B0487,2026-01-11 09:48:00,CVD-01,RCP-A,320.38,8.142,99.02,60.31,101.27,100.0,2,96.83,Pass
B0488,2026-01-11 10:06:00,CVD-02,RCP-A,320.8,7.992,96.18,61.55,101.64,100.0,2,96.32,Pass
B0489,2026-01-11 10:24:00,CVD-03,RCP-A,319.45,7.891,100.63,59.8,99.93,100.0,0,98.24,Pass
B0490,2026-01-11 10:42:00,CVD-01,RCP-B,325.01,8.434,107.68,62.01,106.28,105.0,0,97.69,Pass
B0491,2026-01-11 11:00:00,CVD-02,RCP-A,320.98,8.046,99.87,60.95,100.24,100.0,1,97.02,Pass
B0492,2026-01-11 11:18:00,CVD-03,RCP-A,319.49,8.126,98.89,60.02,99.68,100.0,1,97.75,Pass
B0493,2026-01-11 11:36:00,CVD-01,RCP-A,320.83,8.123,101.45,59.2,100.35,100.0,0,97.95,Pass
B0494,2026-01-11 11:54:00,CVD-02,RCP-A,316.9,7.932,99.42,59.51,99.96,100.0,2,96.35,Pass
B0495,2026-01-11 12:12:00,CVD-03,RCP-B,326.65,8.389,104.62,63.55,106.95,105.0,1,96.18,Pass
B0496,2026-01-11 12:30:00,CVD-01,RCP-A,320.25,7.813,98.83,58.35,99.15,100.0,2,96.27,Pass
B0497,2026-01-11 12:48:00,CVD-02,RCP-A,319.57,7.925,100.33,59.96,100.21,100.0,1,97.64,Pass
B0498,2026-01-11 13:06:00,CVD-03,RCP-A,319.82,8.089,98.39,58.93,99.04,100.0,1,97.48,Pass
B0499,2026-01-11 13:24:00,CVD-01,RCP-A,319.28,8.155,99.93,59.4,99.94,100.0,0,98.71,Pass
B0500,2026-01-11 13:42:00,CVD-02,RCP-B,327.14,8.329,104.88,60.87,104.68,105.0,2,96.02,Pass
