Recipe_ID,Pressure_bin,Temperature_bin,N,Mean_Yield,Yield_std,Yield_95_CI_low,Yield_95_CI_high,Abnormal_rate,Pressure_min,Pressure_max,Temperature_min,Temperature_max,Tool_count,Exploratory_score,Supported,Candidate
RCP-A,Low,Low,41,96.95146341463413,0.9711528226175576,96.65419297886737,97.2487338504009,0.024390243902439025,7.605,7.959,316.9,319.66,3,95.98031059201658,True,False
RCP-A,Low,Medium,46,97.44282608695654,0.7695761114434035,97.2204291846852,97.66522298922789,0.0,7.727,7.961,319.83,320.77,3,96.67324997551314,True,False
RCP-A,Low,High,47,96.27319148936171,1.3686634330504608,95.88189693251195,96.66448604621147,0.2553191489361702,7.761,7.963,320.79,326.15,3,94.90452805631125,True,False
RCP-A,Medium,Low,48,97.27229166666666,0.9390380763660491,97.00663626244373,97.53794707088959,0.020833333333333332,7.972,8.074,317.01,319.77,3,96.33325359030061,True,False
RCP-A,Medium,Medium,47,97.66127659574468,0.789583316145918,97.43553837089954,97.88701482058983,0.0,7.965,8.072,319.85,320.77,3,96.87169327959876,True,True
RCP-A,Medium,High,38,96.33368421052633,1.5137931970806775,95.85236763041846,96.8150007906342,0.18421052631578946,7.967,8.073,320.8,326.57,3,94.81989101344566,True,False
RCP-A,High,Low,46,96.58108695652173,1.3316960418301491,96.19624513247584,96.96592878056762,0.15217391304347827,8.078,9.385,317.09,319.82,3,95.24939091469159,True,False
RCP-A,High,Medium,39,96.92282051282052,1.3707181151305676,96.49261901294095,97.3530220127001,0.10256410256410256,8.078,9.326,319.85,320.78,3,95.55210239768995,True,False
RCP-A,High,High,48,93.93416666666667,3.55382193625538,92.92878464140765,94.9395486919257,0.4583333333333333,8.077,9.475,320.82,328.11,3,90.3803447304113,True,False
RCP-B,Low,Low,16,96.638125,1.2323647660764483,96.03426626462254,97.24198373537746,0.0625,8.101,8.354,321.89,324.42,3,95.40576023392356,True,False
RCP-B,Low,Medium,8,97.39625000000001,0.7644220505902298,96.86653254465234,97.92596745534767,0.0,8.208,8.35,324.7,325.66,3,96.63182794940978,False,False
RCP-B,Low,High,10,95.962,1.3370930325814208,95.13326115240619,96.79073884759381,0.2,8.159,8.347,325.83,329.95,3,94.62490696741858,True,False
RCP-B,Medium,Low,8,97.21124999999999,0.8014350967394124,96.65588381224636,97.76661618775363,0.0,8.389,8.447,322.77,324.46,3,96.40981490326058,False,False
RCP-B,Medium,Medium,15,97.43599999999999,1.2016048791987675,96.82790403038116,98.04409596961882,0.0,8.357,8.461,324.53,325.76,3,96.23439512080122,True,False
RCP-B,Medium,High,11,96.26363636363635,1.4419727648417822,95.4114849151793,97.1157878120934,0.18181818181818182,8.368,8.453,325.77,327.59,3,94.82166359879457,True,False
RCP-B,High,Low,10,95.95,1.651376530184576,94.92646622245391,96.9735337775461,0.3,8.464,9.932,321.09,324.31,3,94.29862346981542,True,False
RCP-B,High,Medium,10,97.857,0.661581438675544,97.44694757603447,98.26705242396552,0.0,8.47,8.66,324.52,325.38,3,97.19541856132446,True,True
RCP-B,High,High,12,94.1925,3.082387283200534,92.44847521485154,95.93652478514845,0.4166666666666667,8.474,9.139,325.84,331.9,3,91.11011271679946,True,False
