Batch_ID,Timestamp,Tool_ID,Recipe_ID,Parameter,Value,Mean,UCL,LCL,Moving_Range,MR_UCL,Phase,I_Excursion,MR_Excursion,Excursion_Type
B0169,2026-01-07 10:24:00,CVD-01,RCP-A,Yield_pct,93.34,96.82623376623376,100.07546388941405,93.57700364305346,0.25,3.991328289473685,Baseline,True,False,I_Below_LCL
B0178,2026-01-07 13:06:00,CVD-01,RCP-A,Yield_pct,93.54,96.82623376623376,100.07546388941405,93.57700364305346,0.23999999999999488,3.991328289473685,Baseline,True,False,I_Below_LCL
B0271,2026-01-08 17:00:00,CVD-01,RCP-A,Yield_pct,4.400000000000006,96.82623376623376,3.991328289473685,0.0,4.400000000000006,3.991328289473685,Baseline,False,True,MR_Above_UCL
B0367,2026-01-09 21:48:00,CVD-01,RCP-A,Yield_pct,93.53,96.82623376623376,100.07546388941405,93.57700364305346,3.289999999999992,3.991328289473685,Monitoring,True,False,I_Below_LCL
B0421,2026-01-10 14:00:00,CVD-01,RCP-A,Yield_pct,89.55,96.82623376623376,100.07546388941405,93.57700364305346,7.200000000000003,3.991328289473685,Monitoring,True,True,I_Below_LCL
B0421,2026-01-10 14:00:00,CVD-01,RCP-A,Yield_pct,7.200000000000003,96.82623376623376,3.991328289473685,0.0,7.200000000000003,3.991328289473685,Monitoring,True,True,MR_Above_UCL
B0424,2026-01-10 14:54:00,CVD-01,RCP-A,Yield_pct,89.16,96.82623376623376,100.07546388941405,93.57700364305346,0.39000000000000057,3.991328289473685,Monitoring,True,False,I_Below_LCL
B0427,2026-01-10 15:48:00,CVD-01,RCP-A,Yield_pct,88.54,96.82623376623376,100.07546388941405,93.57700364305346,0.6199999999999903,3.991328289473685,Monitoring,True,False,I_Below_LCL
B0433,2026-01-10 17:36:00,CVD-01,RCP-A,Yield_pct,86.97,96.82623376623376,100.07546388941405,93.57700364305346,1.5700000000000074,3.991328289473685,Monitoring,True,False,I_Below_LCL
B0436,2026-01-10 18:30:00,CVD-01,RCP-A,Yield_pct,88.67,96.82623376623376,100.07546388941405,93.57700364305346,1.7000000000000028,3.991328289473685,Monitoring,True,False,I_Below_LCL
B0439,2026-01-10 19:24:00,CVD-01,RCP-A,Yield_pct,88.94,96.82623376623376,100.07546388941405,93.57700364305346,0.269999999999996,3.991328289473685,Monitoring,True,False,I_Below_LCL
B0442,2026-01-10 20:18:00,CVD-01,RCP-A,Yield_pct,9.019999999999996,96.82623376623376,3.991328289473685,0.0,9.019999999999996,3.991328289473685,Monitoring,False,True,MR_Above_UCL
B0166,2026-01-07 09:30:00,CVD-01,RCP-A,Pressure_Torr,9.385,8.068948051948052,8.535283438286237,7.602612665609866,1.3010000000000002,0.5728426578947371,Baseline,True,True,I_Above_UCL
B0166,2026-01-07 09:30:00,CVD-01,RCP-A,Pressure_Torr,1.3010000000000002,8.068948051948052,0.5728426578947371,0.0,1.3010000000000002,0.5728426578947371,Baseline,True,True,MR_Above_UCL
B0169,2026-01-07 10:24:00,CVD-01,RCP-A,Pressure_Torr,8.833,8.068948051948052,8.535283438286237,7.602612665609866,0.5519999999999996,0.5728426578947371,Baseline,True,False,I_Above_UCL
B0172,2026-01-07 11:18:00,CVD-01,RCP-A,Pressure_Torr,9.326,8.068948051948052,8.535283438286237,7.602612665609866,0.4930000000000003,0.5728426578947371,Baseline,True,False,I_Above_UCL
B0178,2026-01-07 13:06:00,CVD-01,RCP-A,Pressure_Torr,9.158,8.068948051948052,8.535283438286237,7.602612665609866,0.16800000000000104,0.5728426578947371,Baseline,True,False,I_Above_UCL
B0181,2026-01-07 14:00:00,CVD-01,RCP-A,Pressure_Torr,1.2269999999999994,8.068948051948052,0.5728426578947371,0.0,1.2269999999999994,0.5728426578947371,Baseline,False,True,MR_Above_UCL
B0421,2026-01-10 14:00:00,CVD-01,RCP-A,Pressure_Torr,8.693,8.068948051948052,8.535283438286237,7.602612665609866,0.7459999999999996,0.5728426578947371,Monitoring,True,True,I_Above_UCL
B0421,2026-01-10 14:00:00,CVD-01,RCP-A,Pressure_Torr,0.7459999999999996,8.068948051948052,0.5728426578947371,0.0,0.7459999999999996,0.5728426578947371,Monitoring,True,True,MR_Above_UCL
B0424,2026-01-10 14:54:00,CVD-01,RCP-A,Pressure_Torr,8.62,8.068948051948052,8.535283438286237,7.602612665609866,0.0730000000000004,0.5728426578947371,Monitoring,True,False,I_Above_UCL
B0427,2026-01-10 15:48:00,CVD-01,RCP-A,Pressure_Torr,8.745,8.068948051948052,8.535283438286237,7.602612665609866,0.125,0.5728426578947371,Monitoring,True,False,I_Above_UCL
B0433,2026-01-10 17:36:00,CVD-01,RCP-A,Pressure_Torr,8.57,8.068948051948052,8.535283438286237,7.602612665609866,0.17499999999999893,0.5728426578947371,Monitoring,True,False,I_Above_UCL
B0436,2026-01-10 18:30:00,CVD-01,RCP-A,Pressure_Torr,8.581,8.068948051948052,8.535283438286237,7.602612665609866,0.010999999999999233,0.5728426578947371,Monitoring,True,False,I_Above_UCL
B0094,2026-01-06 11:54:00,CVD-01,RCP-A,Temperature_C,323.99,320.4184415584416,323.61622991230496,317.22065320457824,1.079999999999984,3.928137631578947,Baseline,True,False,I_Above_UCL
B0097,2026-01-06 12:48:00,CVD-01,RCP-A,Temperature_C,326.15,320.4184415584416,323.61622991230496,317.22065320457824,2.159999999999968,3.928137631578947,Baseline,True,False,I_Above_UCL
B0103,2026-01-06 14:36:00,CVD-01,RCP-A,Temperature_C,324.07,320.4184415584416,323.61622991230496,317.22065320457824,2.079999999999984,3.928137631578947,Baseline,True,False,I_Above_UCL
B0106,2026-01-06 15:30:00,CVD-01,RCP-A,Temperature_C,4.199999999999989,320.4184415584416,3.928137631578947,0.0,4.199999999999989,3.928137631578947,Baseline,False,True,MR_Above_UCL
B0304,2026-01-09 02:54:00,CVD-01,RCP-A,Temperature_C,3.9599999999999795,320.4184415584416,3.928137631578947,0.0,3.9599999999999795,3.928137631578947,Monitoring,False,True,MR_Above_UCL
B0346,2026-01-09 15:30:00,CVD-01,RCP-A,Temperature_C,4.1299999999999955,320.4184415584416,3.928137631578947,0.0,4.1299999999999955,3.928137631578947,Monitoring,False,True,MR_Above_UCL
B0397,2026-01-10 06:48:00,CVD-01,RCP-A,Temperature_C,317.11,320.4184415584416,323.61622991230496,317.22065320457824,3.419999999999959,3.928137631578947,Monitoring,True,False,I_Below_LCL
B0403,2026-01-10 08:36:00,CVD-01,RCP-A,Temperature_C,4.669999999999959,320.4184415584416,3.928137631578947,0.0,4.669999999999959,3.928137631578947,Monitoring,False,True,MR_Above_UCL
B0418,2026-01-10 13:06:00,CVD-01,RCP-A,Temperature_C,324.01,320.4184415584416,323.61622991230496,317.22065320457824,4.349999999999966,3.928137631578947,Monitoring,True,True,I_Above_UCL
B0418,2026-01-10 13:06:00,CVD-01,RCP-A,Temperature_C,4.349999999999966,320.4184415584416,3.928137631578947,0.0,4.349999999999966,3.928137631578947,Monitoring,True,True,MR_Above_UCL
B0421,2026-01-10 14:00:00,CVD-01,RCP-A,Temperature_C,325.35,320.4184415584416,323.61622991230496,317.22065320457824,1.3400000000000318,3.928137631578947,Monitoring,True,False,I_Above_UCL
B0424,2026-01-10 14:54:00,CVD-01,RCP-A,Temperature_C,325.63,320.4184415584416,323.61622991230496,317.22065320457824,0.2799999999999727,3.928137631578947,Monitoring,True,False,I_Above_UCL
B0427,2026-01-10 15:48:00,CVD-01,RCP-A,Temperature_C,325.77,320.4184415584416,323.61622991230496,317.22065320457824,0.13999999999998636,3.928137631578947,Monitoring,True,False,I_Above_UCL
B0433,2026-01-10 17:36:00,CVD-01,RCP-A,Temperature_C,324.76,320.4184415584416,323.61622991230496,317.22065320457824,1.009999999999991,3.928137631578947,Monitoring,True,False,I_Above_UCL
B0436,2026-01-10 18:30:00,CVD-01,RCP-A,Temperature_C,325.05,320.4184415584416,323.61622991230496,317.22065320457824,0.29000000000002046,3.928137631578947,Monitoring,True,False,I_Above_UCL
B0439,2026-01-10 19:24:00,CVD-01,RCP-A,Temperature_C,324.35,320.4184415584416,323.61622991230496,317.22065320457824,0.6999999999999886,3.928137631578947,Monitoring,True,False,I_Above_UCL
B0241,2026-01-08 08:00:00,CVD-01,RCP-A,Gas_Flow_sccm,90.53,100.15857142857143,108.39065429531276,91.92648856183011,10.450000000000003,10.112224736842101,Baseline,True,True,I_Below_LCL
B0241,2026-01-08 08:00:00,CVD-01,RCP-A,Gas_Flow_sccm,10.450000000000003,100.15857142857143,10.112224736842101,0.0,10.450000000000003,10.112224736842101,Baseline,True,True,MR_Above_UCL
B0247,2026-01-08 09:48:00,CVD-01,RCP-A,Gas_Flow_sccm,110.28,100.15857142857143,108.39065429531276,91.92648856183011,14.799999999999997,10.112224736842101,Baseline,True,True,I_Above_UCL
B0247,2026-01-08 09:48:00,CVD-01,RCP-A,Gas_Flow_sccm,14.799999999999997,100.15857142857143,10.112224736842101,0.0,14.799999999999997,10.112224736842101,Baseline,True,True,MR_Above_UCL
B0253,2026-01-08 11:36:00,CVD-01,RCP-A,Gas_Flow_sccm,90.78,100.15857142857143,108.39065429531276,91.92648856183011,19.5,10.112224736842101,Baseline,True,True,I_Below_LCL
B0253,2026-01-08 11:36:00,CVD-01,RCP-A,Gas_Flow_sccm,19.5,100.15857142857143,10.112224736842101,0.0,19.5,10.112224736842101,Baseline,True,True,MR_Above_UCL
B0259,2026-01-08 13:24:00,CVD-01,RCP-A,Gas_Flow_sccm,11.560000000000002,100.15857142857143,10.112224736842101,0.0,11.560000000000002,10.112224736842101,Baseline,False,True,MR_Above_UCL
B0262,2026-01-08 14:18:00,CVD-01,RCP-A,Gas_Flow_sccm,113.3,100.15857142857143,108.39065429531276,91.92648856183011,5.829999999999998,10.112224736842101,Baseline,True,False,I_Above_UCL
B0268,2026-01-08 16:06:00,CVD-01,RCP-A,Gas_Flow_sccm,11.86,100.15857142857143,10.112224736842101,0.0,11.86,10.112224736842101,Baseline,False,True,MR_Above_UCL
B0052,2026-01-05 23:18:00,CVD-01,RCP-A,Film_Thickness_nm,4.530000000000001,100.24714285714285,4.516627500000001,0.0,4.530000000000001,4.516627500000001,Baseline,False,True,MR_Above_UCL
B0172,2026-01-07 11:18:00,CVD-01,RCP-A,Film_Thickness_nm,104.25,100.24714285714285,103.92400455927051,96.57028115501518,4.540000000000006,4.516627500000001,Baseline,True,True,I_Above_UCL
B0172,2026-01-07 11:18:00,CVD-01,RCP-A,Film_Thickness_nm,4.540000000000006,100.24714285714285,4.516627500000001,0.0,4.540000000000006,4.516627500000001,Baseline,True,True,MR_Above_UCL
B0187,2026-01-07 15:48:00,CVD-01,RCP-A,Film_Thickness_nm,4.710000000000008,100.24714285714285,4.516627500000001,0.0,4.710000000000008,4.516627500000001,Baseline,False,True,MR_Above_UCL
B0427,2026-01-10 15:48:00,CVD-01,RCP-A,Film_Thickness_nm,105.24,100.24714285714285,103.92400455927051,96.57028115501518,1.6199999999999903,4.516627500000001,Monitoring,True,False,I_Above_UCL
B0433,2026-01-10 17:36:00,CVD-01,RCP-A,Film_Thickness_nm,104.93,100.24714285714285,103.92400455927051,96.57028115501518,0.30999999999998806,4.516627500000001,Monitoring,True,False,I_Above_UCL
B0175,2026-01-07 12:12:00,CVD-01,RCP-B,Yield_pct,93.92,96.72722222222222,99.30857391183423,94.14587053261022,3.3400000000000034,3.1709117647058767,Baseline,True,True,I_Below_LCL
B0175,2026-01-07 12:12:00,CVD-01,RCP-B,Yield_pct,3.3400000000000034,96.72722222222222,3.1709117647058767,0.0,3.3400000000000034,3.1709117647058767,Baseline,True,True,MR_Above_UCL
B0430,2026-01-10 16:42:00,CVD-01,RCP-B,Yield_pct,90.82,96.72722222222222,99.30857391183423,94.14587053261022,6.0,3.1709117647058767,Monitoring,True,True,I_Below_LCL
B0430,2026-01-10 16:42:00,CVD-01,RCP-B,Yield_pct,6.0,96.72722222222222,3.1709117647058767,0.0,6.0,3.1709117647058767,Monitoring,True,True,MR_Above_UCL
B0445,2026-01-10 21:12:00,CVD-01,RCP-B,Yield_pct,7.200000000000003,96.72722222222222,3.1709117647058767,0.0,7.200000000000003,3.1709117647058767,Monitoring,False,True,MR_Above_UCL
B0175,2026-01-07 12:12:00,CVD-01,RCP-B,Pressure_Torr,9.412,8.40316666666667,9.042716103462665,7.763617229870674,0.9240000000000013,0.7856174117647061,Baseline,True,True,I_Above_UCL
B0175,2026-01-07 12:12:00,CVD-01,RCP-B,Pressure_Torr,0.9240000000000013,8.40316666666667,0.7856174117647061,0.0,0.9240000000000013,0.7856174117647061,Baseline,True,True,MR_Above_UCL
B0190,2026-01-07 16:42:00,CVD-01,RCP-B,Pressure_Torr,0.9590000000000014,8.40316666666667,0.7856174117647061,0.0,0.9590000000000014,0.7856174117647061,Baseline,False,True,MR_Above_UCL
B0265,2026-01-08 15:12:00,CVD-01,RCP-B,Gas_Flow_sccm,113.44,104.60499999999999,112.21138297872339,96.99861702127659,15.11,9.343619999999994,Baseline,True,True,I_Above_UCL
B0265,2026-01-08 15:12:00,CVD-01,RCP-B,Gas_Flow_sccm,15.11,104.60499999999999,9.343619999999994,0.0,15.11,9.343619999999994,Baseline,True,True,MR_Above_UCL
B0280,2026-01-08 19:42:00,CVD-01,RCP-B,Gas_Flow_sccm,9.519999999999996,104.60499999999999,9.343619999999994,0.0,9.519999999999996,9.343619999999994,Monitoring,False,True,MR_Above_UCL
B0265,2026-01-08 15:12:00,CVD-01,RCP-B,Film_Thickness_nm,108.34,105.18444444444444,108.28206647197887,102.08682241691001,4.010000000000005,3.805094117647063,Baseline,True,True,I_Above_UCL
B0265,2026-01-08 15:12:00,CVD-01,RCP-B,Film_Thickness_nm,4.010000000000005,105.18444444444444,3.805094117647063,0.0,4.010000000000005,3.805094117647063,Baseline,True,True,MR_Above_UCL
B0445,2026-01-10 21:12:00,CVD-01,RCP-B,Film_Thickness_nm,3.9299999999999926,105.18444444444444,3.805094117647063,0.0,3.9299999999999926,3.805094117647063,Monitoring,False,True,MR_Above_UCL
B0098,2026-01-06 13:06:00,CVD-02,RCP-A,Yield_pct,92.93,96.99244186046512,100.19050193555898,93.79438178537126,3.769999999999996,3.928471411764705,Baseline,True,False,I_Below_LCL
B0101,2026-01-06 14:00:00,CVD-02,RCP-A,Yield_pct,4.1299999999999955,96.99244186046512,3.928471411764705,0.0,4.1299999999999955,3.928471411764705,Baseline,False,True,MR_Above_UCL
B0182,2026-01-07 14:18:00,CVD-02,RCP-A,Yield_pct,4.0800000000000125,96.99244186046512,3.928471411764705,0.0,4.0800000000000125,3.928471411764705,Baseline,False,True,MR_Above_UCL
B0323,2026-01-09 08:36:00,CVD-02,RCP-A,Yield_pct,93.43,96.99244186046512,100.19050193555898,93.79438178537126,1.1399999999999864,3.928471411764705,Monitoring,True,False,I_Below_LCL
B0324,2026-01-09 08:54:00,CVD-02,RCP-A,Yield_pct,92.49,96.99244186046512,100.19050193555898,93.79438178537126,0.9400000000000119,3.928471411764705,Monitoring,True,False,I_Below_LCL
B0329,2026-01-09 10:24:00,CVD-02,RCP-A,Yield_pct,93.64,96.99244186046512,100.19050193555898,93.79438178537126,1.1400000000000006,3.928471411764705,Monitoring,True,False,I_Below_LCL
B0332,2026-01-09 11:18:00,CVD-02,RCP-A,Yield_pct,93.25,96.99244186046512,100.19050193555898,93.79438178537126,2.7099999999999937,3.928471411764705,Monitoring,True,False,I_Below_LCL
B0333,2026-01-09 11:36:00,CVD-02,RCP-A,Yield_pct,93.77,96.99244186046512,100.19050193555898,93.79438178537126,0.519999999999996,3.928471411764705,Monitoring,True,False,I_Below_LCL
B0422,2026-01-10 14:18:00,CVD-02,RCP-A,Yield_pct,88.26,96.99244186046512,100.19050193555898,93.79438178537126,10.269999999999996,3.928471411764705,Monitoring,True,True,I_Below_LCL
B0422,2026-01-10 14:18:00,CVD-02,RCP-A,Yield_pct,10.269999999999996,96.99244186046512,3.928471411764705,0.0,10.269999999999996,3.928471411764705,Monitoring,True,True,MR_Above_UCL
B0428,2026-01-10 16:06:00,CVD-02,RCP-A,Yield_pct,88.69,96.99244186046512,100.19050193555898,93.79438178537126,0.4299999999999926,3.928471411764705,Monitoring,True,False,I_Below_LCL
B0431,2026-01-10 17:00:00,CVD-02,RCP-A,Yield_pct,91.19,96.99244186046512,100.19050193555898,93.79438178537126,2.5,3.928471411764705,Monitoring,True,False,I_Below_LCL
B0434,2026-01-10 17:54:00,CVD-02,RCP-A,Yield_pct,91.53,96.99244186046512,100.19050193555898,93.79438178537126,0.3400000000000034,3.928471411764705,Monitoring,True,False,I_Below_LCL
B0437,2026-01-10 18:48:00,CVD-02,RCP-A,Yield_pct,90.69,96.99244186046512,100.19050193555898,93.79438178537126,0.8400000000000034,3.928471411764705,Monitoring,True,False,I_Below_LCL
B0443,2026-01-10 20:36:00,CVD-02,RCP-A,Yield_pct,6.3799999999999955,96.99244186046512,3.928471411764705,0.0,6.3799999999999955,3.928471411764705,Monitoring,False,True,MR_Above_UCL
B0098,2026-01-06 13:06:00,CVD-02,RCP-A,Pressure_Torr,0.5669999999999993,8.075895348837209,0.5328669176470593,0.0,0.5669999999999993,0.5328669176470593,Baseline,False,True,MR_Above_UCL
B0167,2026-01-07 09:48:00,CVD-02,RCP-A,Pressure_Torr,9.273,8.075895348837209,8.509687589137584,7.642103108536833,1.3729999999999993,0.5328669176470593,Baseline,True,True,I_Above_UCL
B0167,2026-01-07 09:48:00,CVD-02,RCP-A,Pressure_Torr,1.3729999999999993,8.075895348837209,0.5328669176470593,0.0,1.3729999999999993,0.5328669176470593,Baseline,True,True,MR_Above_UCL
B0173,2026-01-07 11:36:00,CVD-02,RCP-A,Pressure_Torr,9.184,8.075895348837209,8.509687589137584,7.642103108536833,0.08900000000000041,0.5328669176470593,Baseline,True,False,I_Above_UCL
B0176,2026-01-07 12:30:00,CVD-02,RCP-A,Pressure_Torr,9.226,8.075895348837209,8.509687589137584,7.642103108536833,0.04200000000000159,0.5328669176470593,Baseline,True,False,I_Above_UCL
B0179,2026-01-07 13:24:00,CVD-02,RCP-A,Pressure_Torr,8.85,8.075895348837209,8.509687589137584,7.642103108536833,0.3760000000000012,0.5328669176470593,Baseline,True,False,I_Above_UCL
B0182,2026-01-07 14:18:00,CVD-02,RCP-A,Pressure_Torr,0.9429999999999996,8.075895348837209,0.5328669176470593,0.0,0.9429999999999996,0.5328669176470593,Baseline,False,True,MR_Above_UCL
B0398,2026-01-10 07:06:00,CVD-02,RCP-A,Pressure_Torr,7.605,8.075895348837209,8.509687589137584,7.642103108536833,0.4209999999999994,0.5328669176470593,Monitoring,True,False,I_Below_LCL
B0422,2026-01-10 14:18:00,CVD-02,RCP-A,Pressure_Torr,8.91,8.075895348837209,8.509687589137584,7.642103108536833,0.8149999999999995,0.5328669176470593,Monitoring,True,True,I_Above_UCL
B0422,2026-01-10 14:18:00,CVD-02,RCP-A,Pressure_Torr,0.8149999999999995,8.075895348837209,0.5328669176470593,0.0,0.8149999999999995,0.5328669176470593,Monitoring,True,True,MR_Above_UCL
B0428,2026-01-10 16:06:00,CVD-02,RCP-A,Pressure_Torr,0.6980000000000004,8.075895348837209,0.5328669176470593,0.0,0.6980000000000004,0.5328669176470593,Monitoring,False,True,MR_Above_UCL
B0431,2026-01-10 17:00:00,CVD-02,RCP-A,Pressure_Torr,8.64,8.075895348837209,8.509687589137584,7.642103108536833,0.4280000000000008,0.5328669176470593,Monitoring,True,False,I_Above_UCL
B0434,2026-01-10 17:54:00,CVD-02,RCP-A,Pressure_Torr,8.707,8.075895348837209,8.509687589137584,7.642103108536833,0.06700000000000017,0.5328669176470593,Monitoring,True,False,I_Above_UCL
B0437,2026-01-10 18:48:00,CVD-02,RCP-A,Pressure_Torr,8.853,8.075895348837209,8.509687589137584,7.642103108536833,0.14599999999999902,0.5328669176470593,Monitoring,True,False,I_Above_UCL
B0443,2026-01-10 20:36:00,CVD-02,RCP-A,Pressure_Torr,0.8700000000000001,8.075895348837209,0.5328669176470593,0.0,0.8700000000000001,0.5328669176470593,Monitoring,False,True,MR_Above_UCL
B0026,2026-01-05 15:30:00,CVD-02,RCP-A,Temperature_C,5.149999999999977,320.1991860465116,4.58571494117647,0.0,5.149999999999977,4.58571494117647,Baseline,False,True,MR_Above_UCL
B0098,2026-01-06 13:06:00,CVD-02,RCP-A,Temperature_C,324.42,320.1991860465116,323.9322899263614,316.4660821666618,2.590000000000032,4.58571494117647,Baseline,True,False,I_Above_UCL
B0104,2026-01-06 14:54:00,CVD-02,RCP-A,Temperature_C,326.57,320.1991860465116,323.9322899263614,316.4660821666618,3.819999999999993,4.58571494117647,Baseline,True,False,I_Above_UCL
B0107,2026-01-06 15:48:00,CVD-02,RCP-A,Temperature_C,6.7099999999999795,320.1991860465116,4.58571494117647,0.0,6.7099999999999795,4.58571494117647,Baseline,False,True,MR_Above_UCL
B0422,2026-01-10 14:18:00,CVD-02,RCP-A,Temperature_C,324.18,320.1991860465116,323.9322899263614,316.4660821666618,3.990000000000009,4.58571494117647,Monitoring,True,False,I_Above_UCL
B0428,2026-01-10 16:06:00,CVD-02,RCP-A,Temperature_C,324.82,320.1991860465116,323.9322899263614,316.4660821666618,0.6399999999999864,4.58571494117647,Monitoring,True,False,I_Above_UCL
B0242,2026-01-08 08:18:00,CVD-02,RCP-A,Gas_Flow_sccm,90.03,100.54604651162792,106.24942573565797,94.84266728759788,8.14,7.005985411764707,Baseline,True,True,I_Below_LCL
B0242,2026-01-08 08:18:00,CVD-02,RCP-A,Gas_Flow_sccm,8.14,100.54604651162792,7.005985411764707,0.0,8.14,7.005985411764707,Baseline,True,True,MR_Above_UCL
B0248,2026-01-08 10:06:00,CVD-02,RCP-A,Gas_Flow_sccm,107.76,100.54604651162792,106.24942573565797,94.84266728759788,17.730000000000004,7.005985411764707,Baseline,True,True,I_Above_UCL
B0248,2026-01-08 10:06:00,CVD-02,RCP-A,Gas_Flow_sccm,17.730000000000004,100.54604651162792,7.005985411764707,0.0,17.730000000000004,7.005985411764707,Baseline,True,True,MR_Above_UCL
B0251,2026-01-08 11:00:00,CVD-02,RCP-A,Gas_Flow_sccm,106.87,100.54604651162792,106.24942573565797,94.84266728759788,0.8900000000000006,7.005985411764707,Baseline,True,False,I_Above_UCL
B0254,2026-01-08 11:54:00,CVD-02,RCP-A,Gas_Flow_sccm,108.88,100.54604651162792,106.24942573565797,94.84266728759788,2.009999999999991,7.005985411764707,Baseline,True,False,I_Above_UCL
B0257,2026-01-08 12:48:00,CVD-02,RCP-A,Gas_Flow_sccm,108.09,100.54604651162792,106.24942573565797,94.84266728759788,0.789999999999992,7.005985411764707,Baseline,True,False,I_Above_UCL
B0263,2026-01-08 14:36:00,CVD-02,RCP-A,Gas_Flow_sccm,111.16,100.54604651162792,106.24942573565797,94.84266728759788,3.069999999999993,7.005985411764707,Baseline,True,False,I_Above_UCL
B0266,2026-01-08 15:30:00,CVD-02,RCP-A,Gas_Flow_sccm,7.920000000000002,100.54604651162792,7.005985411764707,0.0,7.920000000000002,7.005985411764707,Baseline,False,True,MR_Above_UCL
B0422,2026-01-10 14:18:00,CVD-02,RCP-A,Gas_Flow_sccm,108.86,100.54604651162792,106.24942573565797,94.84266728759788,9.179999999999993,7.005985411764707,Monitoring,True,True,I_Above_UCL
B0422,2026-01-10 14:18:00,CVD-02,RCP-A,Gas_Flow_sccm,9.179999999999993,100.54604651162792,7.005985411764707,0.0,9.179999999999993,7.005985411764707,Monitoring,True,True,MR_Above_UCL
B0437,2026-01-10 18:48:00,CVD-02,RCP-A,Gas_Flow_sccm,106.93,100.54604651162792,106.24942573565797,94.84266728759788,0.8800000000000097,7.005985411764707,Monitoring,True,False,I_Above_UCL
B0443,2026-01-10 20:36:00,CVD-02,RCP-A,Gas_Flow_sccm,8.080000000000013,100.54604651162792,7.005985411764707,0.0,8.080000000000013,7.005985411764707,Monitoring,False,True,MR_Above_UCL
B0098,2026-01-06 13:06:00,CVD-02,RCP-A,Film_Thickness_nm,104.0,100.7256976744186,103.81737477078906,97.63402057804814,2.6899999999999977,3.797791411764702,Baseline,True,False,I_Above_UCL
B0242,2026-01-08 08:18:00,CVD-02,RCP-A,Film_Thickness_nm,97.58,100.7256976744186,103.81737477078906,97.63402057804814,2.5900000000000034,3.797791411764702,Baseline,True,False,I_Below_LCL
B0422,2026-01-10 14:18:00,CVD-02,RCP-A,Film_Thickness_nm,106.55,100.7256976744186,103.81737477078906,97.63402057804814,4.009999999999991,3.797791411764702,Monitoring,True,True,I_Above_UCL
B0422,2026-01-10 14:18:00,CVD-02,RCP-A,Film_Thickness_nm,4.009999999999991,100.7256976744186,3.797791411764702,0.0,4.009999999999991,3.797791411764702,Monitoring,True,True,MR_Above_UCL
B0245,2026-01-08 09:12:00,CVD-02,RCP-B,Yield_pct,5.569999999999993,96.73636363636363,5.40766285714286,0.0,5.569999999999993,5.40766285714286,Baseline,False,True,MR_Above_UCL
B0425,2026-01-10 15:12:00,CVD-02,RCP-B,Yield_pct,89.4,96.73636363636363,101.1385926130607,92.33413465966657,8.25,5.40766285714286,Monitoring,True,True,I_Below_LCL
B0425,2026-01-10 15:12:00,CVD-02,RCP-B,Yield_pct,8.25,96.73636363636363,5.40766285714286,0.0,8.25,5.40766285714286,Monitoring,True,True,MR_Above_UCL
B0440,2026-01-10 19:42:00,CVD-02,RCP-B,Yield_pct,91.98,96.73636363636363,101.1385926130607,92.33413465966657,2.5799999999999983,5.40766285714286,Monitoring,True,False,I_Below_LCL
B0170,2026-01-07 10:42:00,CVD-02,RCP-B,Pressure_Torr,9.791,8.473818181818181,9.06981615547573,7.8778202081606326,1.109,0.7321191428571435,Baseline,True,True,I_Above_UCL
B0170,2026-01-07 10:42:00,CVD-02,RCP-B,Pressure_Torr,1.109,8.473818181818181,0.7321191428571435,0.0,1.109,0.7321191428571435,Baseline,True,True,MR_Above_UCL
B0185,2026-01-07 15:12:00,CVD-02,RCP-B,Pressure_Torr,1.3600000000000012,8.473818181818181,0.7321191428571435,0.0,1.3600000000000012,0.7321191428571435,Baseline,False,True,MR_Above_UCL
B0425,2026-01-10 15:12:00,CVD-02,RCP-B,Pressure_Torr,9.08,8.473818181818181,9.06981615547573,7.8778202081606326,0.7110000000000003,0.7321191428571435,Monitoring,True,False,I_Above_UCL
B0425,2026-01-10 15:12:00,CVD-02,RCP-B,Temperature_C,329.62,324.65636363636366,329.158643271622,320.15408400110533,3.329999999999984,5.530564285714269,Monitoring,True,False,I_Above_UCL
B0260,2026-01-08 13:42:00,CVD-02,RCP-B,Gas_Flow_sccm,115.72,103.65727272727275,114.98959288938015,92.32495256516536,22.870000000000005,13.920531428571424,Baseline,True,True,I_Above_UCL
B0260,2026-01-08 13:42:00,CVD-02,RCP-B,Gas_Flow_sccm,22.870000000000005,103.65727272727275,13.920531428571424,0.0,22.870000000000005,13.920531428571424,Baseline,True,True,MR_Above_UCL
B0275,2026-01-08 18:12:00,CVD-02,RCP-B,Gas_Flow_sccm,14.519999999999996,103.65727272727275,13.920531428571424,0.0,14.519999999999996,13.920531428571424,Baseline,False,True,MR_Above_UCL
B0102,2026-01-06 14:18:00,CVD-03,RCP-A,Yield_pct,92.35,96.82802631578944,100.65497667039938,93.00107596117951,2.8599999999999994,4.700995200000001,Baseline,True,False,I_Below_LCL
B0108,2026-01-06 16:06:00,CVD-03,RCP-A,Yield_pct,5.52000000000001,96.82802631578944,4.700995200000001,0.0,5.52000000000001,4.700995200000001,Baseline,False,True,MR_Above_UCL
B0177,2026-01-07 12:48:00,CVD-03,RCP-A,Yield_pct,92.79,96.82802631578944,100.65497667039938,93.00107596117951,2.6099999999999994,4.700995200000001,Baseline,True,False,I_Below_LCL
B0183,2026-01-07 14:36:00,CVD-03,RCP-A,Yield_pct,4.8999999999999915,96.82802631578944,4.700995200000001,0.0,4.8999999999999915,4.700995200000001,Baseline,False,True,MR_Above_UCL
B0423,2026-01-10 14:36:00,CVD-03,RCP-A,Yield_pct,91.86,96.82802631578944,100.65497667039938,93.00107596117951,5.8700000000000045,4.700995200000001,Monitoring,True,True,I_Below_LCL
B0423,2026-01-10 14:36:00,CVD-03,RCP-A,Yield_pct,5.8700000000000045,96.82802631578944,4.700995200000001,0.0,5.8700000000000045,4.700995200000001,Monitoring,True,True,MR_Above_UCL
B0426,2026-01-10 15:30:00,CVD-03,RCP-A,Yield_pct,91.47,96.82802631578944,100.65497667039938,93.00107596117951,0.39000000000000057,4.700995200000001,Monitoring,True,False,I_Below_LCL
B0429,2026-01-10 16:24:00,CVD-03,RCP-A,Yield_pct,88.21,96.82802631578944,100.65497667039938,93.00107596117951,3.260000000000005,4.700995200000001,Monitoring,True,False,I_Below_LCL
B0432,2026-01-10 17:18:00,CVD-03,RCP-A,Yield_pct,89.6,96.82802631578944,100.65497667039938,93.00107596117951,1.3900000000000006,4.700995200000001,Monitoring,True,False,I_Below_LCL
B0438,2026-01-10 19:06:00,CVD-03,RCP-A,Yield_pct,87.96,96.82802631578944,100.65497667039938,93.00107596117951,1.6400000000000006,4.700995200000001,Monitoring,True,False,I_Below_LCL
B0441,2026-01-10 20:00:00,CVD-03,RCP-A,Yield_pct,7.310000000000002,96.82802631578944,4.700995200000001,0.0,7.310000000000002,4.700995200000001,Monitoring,False,True,MR_Above_UCL
B0108,2026-01-06 16:06:00,CVD-03,RCP-A,Pressure_Torr,0.6020000000000012,8.037473684210527,0.48926591999999974,0.0,0.6020000000000012,0.48926591999999974,Baseline,False,True,MR_Above_UCL
B0168,2026-01-07 10:06:00,CVD-03,RCP-A,Pressure_Torr,9.002,8.037473684210527,8.435771556550952,7.639175811870102,0.9920000000000009,0.48926591999999974,Baseline,True,True,I_Above_UCL
B0168,2026-01-07 10:06:00,CVD-03,RCP-A,Pressure_Torr,0.9920000000000009,8.037473684210527,0.48926591999999974,0.0,0.9920000000000009,0.48926591999999974,Baseline,True,True,MR_Above_UCL
B0171,2026-01-07 11:00:00,CVD-03,RCP-A,Pressure_Torr,9.024,8.037473684210527,8.435771556550952,7.639175811870102,0.021999999999998465,0.48926591999999974,Baseline,True,False,I_Above_UCL
B0174,2026-01-07 11:54:00,CVD-03,RCP-A,Pressure_Torr,9.204,8.037473684210527,8.435771556550952,7.639175811870102,0.1800000000000015,0.48926591999999974,Baseline,True,False,I_Above_UCL
B0177,2026-01-07 12:48:00,CVD-03,RCP-A,Pressure_Torr,9.475,8.037473684210527,8.435771556550952,7.639175811870102,0.270999999999999,0.48926591999999974,Baseline,True,False,I_Above_UCL
B0183,2026-01-07 14:36:00,CVD-03,RCP-A,Pressure_Torr,1.6099999999999994,8.037473684210527,0.48926591999999974,0.0,1.6099999999999994,0.48926591999999974,Baseline,False,True,MR_Above_UCL
B0423,2026-01-10 14:36:00,CVD-03,RCP-A,Pressure_Torr,8.649,8.037473684210527,8.435771556550952,7.639175811870102,0.7299999999999995,0.48926591999999974,Monitoring,True,True,I_Above_UCL
B0423,2026-01-10 14:36:00,CVD-03,RCP-A,Pressure_Torr,0.7299999999999995,8.037473684210527,0.48926591999999974,0.0,0.7299999999999995,0.48926591999999974,Monitoring,True,True,MR_Above_UCL
B0429,2026-01-10 16:24:00,CVD-03,RCP-A,Pressure_Torr,8.843,8.037473684210527,8.435771556550952,7.639175811870102,0.577,0.48926591999999974,Monitoring,True,True,I_Above_UCL
B0429,2026-01-10 16:24:00,CVD-03,RCP-A,Pressure_Torr,0.577,8.037473684210527,0.48926591999999974,0.0,0.577,0.48926591999999974,Monitoring,True,True,MR_Above_UCL
B0432,2026-01-10 17:18:00,CVD-03,RCP-A,Pressure_Torr,8.607,8.037473684210527,8.435771556550952,7.639175811870102,0.23600000000000065,0.48926591999999974,Monitoring,True,False,I_Above_UCL
B0102,2026-01-06 14:18:00,CVD-03,RCP-A,Temperature_C,328.11,320.51144736842105,324.82456793579695,316.19832680104514,4.600000000000023,5.298202800000005,Baseline,True,False,I_Above_UCL
B0108,2026-01-06 16:06:00,CVD-03,RCP-A,Temperature_C,8.949999999999989,320.51144736842105,5.298202800000005,0.0,8.949999999999989,5.298202800000005,Baseline,False,True,MR_Above_UCL
B0438,2026-01-10 19:06:00,CVD-03,RCP-A,Temperature_C,327.62,320.51144736842105,324.82456793579695,316.19832680104514,4.649999999999977,5.298202800000005,Monitoring,True,False,I_Above_UCL
B0441,2026-01-10 20:00:00,CVD-03,RCP-A,Temperature_C,10.610000000000014,320.51144736842105,5.298202800000005,0.0,10.610000000000014,5.298202800000005,Monitoring,False,True,MR_Above_UCL
B0243,2026-01-08 08:36:00,CVD-03,RCP-A,Gas_Flow_sccm,110.23,99.99302631578948,108.57955113848452,91.40650149309444,9.719999999999999,10.547618400000003,Baseline,True,False,I_Above_UCL
B0246,2026-01-08 09:30:00,CVD-03,RCP-A,Gas_Flow_sccm,90.63,99.99302631578948,108.57955113848452,91.40650149309444,19.60000000000001,10.547618400000003,Baseline,True,True,I_Below_LCL
B0246,2026-01-08 09:30:00,CVD-03,RCP-A,Gas_Flow_sccm,19.60000000000001,99.99302631578948,10.547618400000003,0.0,19.60000000000001,10.547618400000003,Baseline,True,True,MR_Above_UCL
B0249,2026-01-08 10:24:00,CVD-03,RCP-A,Gas_Flow_sccm,17.53,99.99302631578948,10.547618400000003,0.0,17.53,10.547618400000003,Baseline,False,True,MR_Above_UCL
B0258,2026-01-08 13:06:00,CVD-03,RCP-A,Gas_Flow_sccm,90.14,99.99302631578948,108.57955113848452,91.40650149309444,14.730000000000004,10.547618400000003,Baseline,True,True,I_Below_LCL
B0258,2026-01-08 13:06:00,CVD-03,RCP-A,Gas_Flow_sccm,14.730000000000004,99.99302631578948,10.547618400000003,0.0,14.730000000000004,10.547618400000003,Baseline,True,True,MR_Above_UCL
B0261,2026-01-08 14:00:00,CVD-03,RCP-A,Gas_Flow_sccm,90.1,99.99302631578948,108.57955113848452,91.40650149309444,0.04000000000000625,10.547618400000003,Baseline,True,False,I_Below_LCL
B0264,2026-01-08 14:54:00,CVD-03,RCP-A,Gas_Flow_sccm,17.070000000000007,99.99302631578948,10.547618400000003,0.0,17.070000000000007,10.547618400000003,Baseline,False,True,MR_Above_UCL
B0183,2026-01-07 14:36:00,CVD-03,RCP-A,Film_Thickness_nm,4.680000000000007,100.02802631578948,4.642189199999999,0.0,4.680000000000007,4.642189199999999,Baseline,False,True,MR_Above_UCL
B0246,2026-01-08 09:30:00,CVD-03,RCP-A,Film_Thickness_nm,5.280000000000001,100.02802631578948,4.642189199999999,0.0,5.280000000000001,4.642189199999999,Baseline,False,True,MR_Above_UCL
B0438,2026-01-10 19:06:00,CVD-03,RCP-A,Film_Thickness_nm,104.39,100.02802631578948,103.80710432997387,96.24894830160508,1.7199999999999989,4.642189199999999,Monitoring,True,False,I_Above_UCL
B0441,2026-01-10 20:00:00,CVD-03,RCP-A,Film_Thickness_nm,5.840000000000003,100.02802631578948,4.642189199999999,0.0,5.840000000000003,4.642189199999999,Monitoring,False,True,MR_Above_UCL
B0120,2026-01-06 19:42:00,CVD-03,RCP-B,Yield_pct,5.75,96.48315789473685,5.646465,0.0,5.75,5.646465,Baseline,False,True,MR_Above_UCL
B0435,2026-01-10 18:12:00,CVD-03,RCP-B,Yield_pct,90.15,96.48315789473685,101.07978910041061,91.88652668906309,7.469999999999999,5.646465,Monitoring,True,True,I_Below_LCL
B0435,2026-01-10 18:12:00,CVD-03,RCP-B,Yield_pct,7.469999999999999,96.48315789473685,5.646465,0.0,7.469999999999999,5.646465,Monitoring,True,True,MR_Above_UCL
B0450,2026-01-10 22:42:00,CVD-03,RCP-B,Yield_pct,7.079999999999998,96.48315789473685,5.646465,0.0,7.079999999999998,5.646465,Monitoring,False,True,MR_Above_UCL
B0180,2026-01-07 13:42:00,CVD-03,RCP-B,Pressure_Torr,9.932,8.506631578947369,9.231217867363444,7.7820452905312925,1.4619999999999997,0.8900760000000006,Baseline,True,True,I_Above_UCL
B0180,2026-01-07 13:42:00,CVD-03,RCP-B,Pressure_Torr,1.4619999999999997,8.506631578947369,0.8900760000000006,0.0,1.4619999999999997,0.8900760000000006,Baseline,True,True,MR_Above_UCL
B0195,2026-01-07 18:12:00,CVD-03,RCP-B,Pressure_Torr,1.4320000000000004,8.506631578947369,0.8900760000000006,0.0,1.4320000000000004,0.8900760000000006,Baseline,False,True,MR_Above_UCL
B0105,2026-01-06 15:12:00,CVD-03,RCP-B,Temperature_C,331.9,325.55052631578945,331.4119329351748,319.68911969640413,1.9499999999999886,7.200104999999972,Baseline,True,False,I_Above_UCL
B0255,2026-01-08 12:12:00,CVD-03,RCP-B,Gas_Flow_sccm,95.02,104.1121052631579,111.9637601094936,96.2604504168222,12.320000000000007,9.644910000000007,Baseline,True,True,I_Below_LCL
B0255,2026-01-08 12:12:00,CVD-03,RCP-B,Gas_Flow_sccm,12.320000000000007,104.1121052631579,9.644910000000007,0.0,12.320000000000007,9.644910000000007,Baseline,True,True,MR_Above_UCL
B0270,2026-01-08 16:42:00,CVD-03,RCP-B,Gas_Flow_sccm,10.100000000000009,104.1121052631579,9.644910000000007,0.0,10.100000000000009,9.644910000000007,Baseline,False,True,MR_Above_UCL
